<?xml version="1.0" encoding="UTF-8" ?>
<!DOCTYPE mapper
PUBLIC "-//mybatis.org//DTD Mapper 3.0//EN"
"http://mybatis.org/dtd/mybatis-3-mapper.dtd">
<mapper namespace="com.manage.project.module.advertMstrategy.mapper.AdvertMstrategyMapper">
    
    <resultMap type="AdvertMstrategy" id="AdvertMstrategyResult">
        <result property="logid"    column="logid"    />
        <result property="mstrategyId"    column="mstrategyId"    />
        <result property="strategyId"    column="strategyId"    />
        <result property="advertId"    column="advertId"    />
        <result property="corpId"    column="corpId"    />
        <result property="seqId"    column="seqId"    />
        <result property="materialId"    column="materialId"    />
        <result property="mediaName"    column="mediaName"    />
        <result property="mediaUrl"    column="mediaUrl"    />
        <result property="mediaSUrl"    column="mediaSUrl"    />
        <result property="mediaType"    column="mediaType"    />
        <result property="playerTime"    column="playerTime"    />
        <result property="playerTimes"    column="playerTimes"    />
        <result property="createTime"    column="createTime"    />
    </resultMap>
	
	<sql id="selectAdvertMstrategyVo">
        select logid, mstrategyId, strategyId, advertId, corpId, seqId, materialId, mediaName, mediaUrl, mediaSUrl, mediaType, playerTime, playerTimes, createTime from as_advert_mstrategy
    </sql>
	
    <select id="selectAdvertMstrategyList" parameterType="AdvertMstrategy" resultMap="AdvertMstrategyResult">
        <include refid="selectAdvertMstrategyVo"/>
        <where>  
            <if test="logid != null and logid != ''"> and logid = #{logid}</if>
             <if test="mstrategyId != null and mstrategyId != ''"> and mstrategyId = #{mstrategyId}</if>
             <if test="strategyId != null and strategyId != ''"> and strategyId = #{strategyId}</if>
             <if test="advertId != null and advertId != ''"> and advertId = #{advertId}</if>
             <if test="corpId != null and corpId != ''"> and corpId = #{corpId}</if>
             <if test="seqId != null and seqId != ''"> and seqId = #{seqId}</if>
             <if test="materialId != null and materialId != ''"> and materialId = #{materialId}</if>
             <if test="mediaName != null and mediaName != ''"> and mediaName = #{mediaName}</if>
             <if test="mediaUrl != null and mediaUrl != ''"> and mediaUrl = #{mediaUrl}</if>
             <if test="mediaSUrl != null and mediaSUrl != ''"> and mediaSUrl = #{mediaSUrl}</if>
             <if test="mediaType != null and mediaType != ''"> and mediaType = #{mediaType}</if>
             <if test="playerTime != null and playerTime != ''"> and playerTime = #{playerTime}</if>
             <if test="playerTimes != null and playerTimes != ''"> and playerTimes = #{playerTimes}</if>
             <if test="createTime != null and createTime != ''"> and createTime = #{createTime}</if>
         </where>
    </select>
    
    <select id="selectAdvertMstrategyById" parameterType="String" resultMap="AdvertMstrategyResult">
        <include refid="selectAdvertMstrategyVo"/>
        where logid = #{logid}
    </select>
        
    <insert id="insertAdvertMstrategy" parameterType="AdvertMstrategy">
        insert into as_advert_mstrategy
		<trim prefix="(" suffix=")" suffixOverrides=",">
			<if test="logid != null and logid != '' ">logid,</if>
			<if test="mstrategyId != null and mstrategyId != '' ">mstrategyId,</if>
			<if test="strategyId != null and strategyId != '' ">strategyId,</if>
			<if test="advertId != null and advertId != '' ">advertId,</if>
			<if test="corpId != null and corpId != '' ">corpId,</if>
			<if test="seqId != null and seqId != '' ">seqId,</if>
			<if test="materialId != null and materialId != '' ">materialId,</if>
			<if test="mediaName != null and mediaName != '' ">mediaName,</if>
			<if test="mediaUrl != null and mediaUrl != '' ">mediaUrl,</if>
			<if test="mediaSUrl != null and mediaSUrl != '' ">mediaSUrl,</if>
			<if test="mediaType != null and mediaType != '' ">mediaType,</if>
			<if test="playerTime != null and playerTime != '' ">playerTime,</if>
			<if test="playerTimes != null and playerTimes != '' ">playerTimes,</if>
			<if test="createTime != null and createTime != '' ">createTime,</if>
         </trim>
        <trim prefix="values (" suffix=")" suffixOverrides=",">
			<if test="logid != null and logid != ''">#{logid},</if>
			<if test="mstrategyId != null and mstrategyId != ''">#{mstrategyId},</if>
			<if test="strategyId != null and strategyId != ''">#{strategyId},</if>
			<if test="advertId != null and advertId != ''">#{advertId},</if>
			<if test="corpId != null and corpId != ''">#{corpId},</if>
			<if test="seqId != null and seqId != ''">#{seqId},</if>
			<if test="materialId != null and materialId != ''">#{materialId},</if>
			<if test="mediaName != null and mediaName != ''">#{mediaName},</if>
			<if test="mediaUrl != null and mediaUrl != ''">#{mediaUrl},</if>
			<if test="mediaSUrl != null and mediaSUrl != ''">#{mediaSUrl},</if>
			<if test="mediaType != null and mediaType != ''">#{mediaType},</if>
			<if test="playerTime != null and playerTime != ''">#{playerTime},</if>
			<if test="playerTimes != null and playerTimes != ''">#{playerTimes},</if>
			<if test="createTime != null and createTime != ''">#{createTime},</if>
         </trim>
    </insert>
	 
    <update id="updateAdvertMstrategy" parameterType="AdvertMstrategy">
        update as_advert_mstrategy
        <trim prefix="SET" suffixOverrides=",">
            <if test="mstrategyId != null  and mstrategyId != ''  ">mstrategyId = #{mstrategyId},</if>
            <if test="strategyId != null  and strategyId != ''  ">strategyId = #{strategyId},</if>
            <if test="advertId != null  and advertId != ''  ">advertId = #{advertId},</if>
            <if test="corpId != null  and corpId != ''  ">corpId = #{corpId},</if>
            <if test="seqId != null  ">seqId = #{seqId},</if>
            <if test="materialId != null  and materialId != ''  ">materialId = #{materialId},</if>
            <if test="mediaName != null  and mediaName != ''  ">mediaName = #{mediaName},</if>
            <if test="mediaUrl != null  and mediaUrl != ''  ">mediaUrl = #{mediaUrl},</if>
            <if test="mediaSUrl != null  and mediaSUrl != ''  ">mediaSUrl = #{mediaSUrl},</if>
            <if test="mediaType != null  and mediaType != ''  ">mediaType = #{mediaType},</if>
            <if test="playerTime != null  ">playerTime = #{playerTime},</if>
            <if test="playerTimes != null  ">playerTimes = #{playerTimes},</if>
            <if test="createTime != null  and createTime != ''  ">createTime = #{createTime},</if>
        </trim>
        where logid = #{logid}
    </update>

	<delete id="deleteAdvertMstrategyById" parameterType="String">
        delete from as_advert_mstrategy where logid = #{logid}
    </delete>
	
    <delete id="deleteAdvertMstrategyByIds" parameterType="String">
        delete from as_advert_mstrategy where logid in 
        <foreach item="logid" collection="array" open="(" separator="," close=")">
            #{logid}
        </foreach>
    </delete>
    
</mapper>