<?xml version="1.0" encoding="UTF-8" ?>
<!DOCTYPE mapper
PUBLIC "-//mybatis.org//DTD Mapper 3.0//EN"
"http://mybatis.org/dtd/mybatis-3-mapper.dtd">
<mapper namespace="com.manage.project.module.advertDevice.mapper.AdvertDeviceMapper">
    
    <resultMap type="AdvertDevice" id="AdvertDeviceResult">
        <result property="logid"    column="logid"    />
        <result property="advDeviceId"    column="advDeviceId"    />
        <result property="advertId"    column="advertId"    />
        <result property="corpId"    column="corpId"    />
        <result property="deviceId"    column="deviceId"    />
        <result property="playerPlat"    column="playerPlat"    />
        <result property="curState"    column="curState"    />
        <result property="stateTime"    column="stateTime"    />
        <result property="createTime"    column="createTime"    />
    </resultMap>
	
	<sql id="selectAdvertDeviceVo">
        select logid, advDeviceId, advertId, corpId, deviceId, playerPlat, curState, stateTime, createTime from as_advert_device
    </sql>
	
    <select id="selectAdvertDeviceList" parameterType="AdvertDevice" resultMap="AdvertDeviceResult">
        <include refid="selectAdvertDeviceVo"/>
        <where>  
            <if test="logid != null and logid != ''"> and logid = #{logid}</if>
             <if test="advDeviceId != null and advDeviceId != ''"> and advDeviceId = #{advDeviceId}</if>
             <if test="advertId != null and advertId != ''"> and advertId = #{advertId}</if>
             <if test="corpId != null and corpId != ''"> and corpId = #{corpId}</if>
             <if test="deviceId != null and deviceId != ''"> and deviceId = #{deviceId}</if>
             <if test="playerPlat != null and playerPlat != ''"> and playerPlat = #{playerPlat}</if>
             <if test="curState != null and curState != ''"> and curState = #{curState}</if>
             <if test="stateTime != null and stateTime != ''"> and stateTime = #{stateTime}</if>
             <if test="createTime != null and createTime != ''"> and createTime = #{createTime}</if>
         </where>
    </select>
    
    <select id="selectAdvertDeviceById" parameterType="String" resultMap="AdvertDeviceResult">
        <include refid="selectAdvertDeviceVo"/>
        where logid = #{logid}
    </select>
        
    <insert id="insertAdvertDevice" parameterType="AdvertDevice">
        insert into as_advert_device
		<trim prefix="(" suffix=")" suffixOverrides=",">
			<if test="logid != null and logid != '' ">logid,</if>
			<if test="advDeviceId != null and advDeviceId != '' ">advDeviceId,</if>
			<if test="advertId != null and advertId != '' ">advertId,</if>
			<if test="corpId != null and corpId != '' ">corpId,</if>
			<if test="deviceId != null and deviceId != '' ">deviceId,</if>
			<if test="playerPlat != null and playerPlat != '' ">playerPlat,</if>
			<if test="curState != null and curState != '' ">curState,</if>
			<if test="stateTime != null and stateTime != '' ">stateTime,</if>
			<if test="createTime != null and createTime != '' ">createTime,</if>
         </trim>
        <trim prefix="values (" suffix=")" suffixOverrides=",">
			<if test="logid != null and logid != ''">#{logid},</if>
			<if test="advDeviceId != null and advDeviceId != ''">#{advDeviceId},</if>
			<if test="advertId != null and advertId != ''">#{advertId},</if>
			<if test="corpId != null and corpId != ''">#{corpId},</if>
			<if test="deviceId != null and deviceId != ''">#{deviceId},</if>
			<if test="playerPlat != null and playerPlat != ''">#{playerPlat},</if>
			<if test="curState != null and curState != ''">#{curState},</if>
			<if test="stateTime != null and stateTime != ''">#{stateTime},</if>
			<if test="createTime != null and createTime != ''">#{createTime},</if>
         </trim>
    </insert>
	 
    <update id="updateAdvertDevice" parameterType="AdvertDevice">
        update as_advert_device
        <trim prefix="SET" suffixOverrides=",">
            <if test="advDeviceId != null  and advDeviceId != ''  ">advDeviceId = #{advDeviceId},</if>
            <if test="advertId != null  and advertId != ''  ">advertId = #{advertId},</if>
            <if test="corpId != null  and corpId != ''  ">corpId = #{corpId},</if>
            <if test="deviceId != null  and deviceId != ''  ">deviceId = #{deviceId},</if>
            <if test="playerPlat != null  and playerPlat != ''  ">playerPlat = #{playerPlat},</if>
            <if test="curState != null  and curState != ''  ">curState = #{curState},</if>
            <if test="stateTime != null  and stateTime != ''  ">stateTime = #{stateTime},</if>
            <if test="createTime != null  and createTime != ''  ">createTime = #{createTime},</if>
        </trim>
        where logid = #{logid}
    </update>

	<delete id="deleteAdvertDeviceById" parameterType="String">
        delete from as_advert_device where logid = #{logid}
    </delete>
	
    <delete id="deleteAdvertDeviceByIds" parameterType="String">
        delete from as_advert_device where logid in 
        <foreach item="logid" collection="array" open="(" separator="," close=")">
            #{logid}
        </foreach>
    </delete>
    
</mapper>