<?xml version="1.0" encoding="UTF-8" ?>
<!DOCTYPE mapper
PUBLIC "-//mybatis.org//DTD Mapper 3.0//EN"
"http://mybatis.org/dtd/mybatis-3-mapper.dtd">
<mapper namespace="com.manage.project.module.emp.mapper.EmpMapper">
    
    <resultMap type="Emp" id="EmpResult">
        <result property="logid"    column="logid"    />
        <result property="corpId"    column="corpId"    />
        <result property="corpName"    column="corpName"    />
        <result property="loginId"    column="loginId"    />
        <result property="loginName"    column="loginName"    />
        <result property="idCard"    column="idCard"    />
        <result property="empType"    column="empType"    />
        <result property="gender"    column="gender"    />
        <result property="mobile"    column="mobile"    />
        <result property="email"    column="email"    />
        <result property="passWord"    column="passWord"    />
        <result property="encodeType"    column="encodeType"    />
        <result property="salt"    column="salt"    />
        <result property="createTime"    column="createTime"    />
        <result property="descrption"    column="descrption"    />
        <result property="accessCode"    column="accessCode"    />
        <result property="curState"    column="curState"    />
        <result property="unableTime"    column="unableTime"    />
    </resultMap>
	
	<sql id="selectEmpVo">
        select logid, corpId, corpName, loginId, loginName, idCard, empType, gender, mobile, email, passWord, encodeType, salt, createTime, descrption, accessCode, curState, unableTime from as_emp
    </sql>
	
    <select id="selectEmpList" parameterType="Emp" resultMap="EmpResult">
        <include refid="selectEmpVo"/>
        <where>  
            <if test="logid != null and logid != ''"> and logid = #{logid}</if>
             <if test="corpId != null and corpId != ''"> and corpId = #{corpId}</if>
             <if test="corpName != null and corpName != ''"> and corpName = #{corpName}</if>
             <if test="loginId != null and loginId != ''"> and loginId = #{loginId}</if>
             <if test="loginName != null and loginName != ''"> and loginName = #{loginName}</if>
             <if test="idCard != null and idCard != ''"> and idCard = #{idCard}</if>
             <if test="empType != null and empType != ''"> and empType = #{empType}</if>
             <if test="gender != null and gender != ''"> and gender = #{gender}</if>
             <if test="mobile != null and mobile != ''"> and mobile = #{mobile}</if>
             <if test="email != null and email != ''"> and email = #{email}</if>
             <if test="passWord != null and passWord != ''"> and passWord = #{passWord}</if>
             <if test="encodeType != null and encodeType != ''"> and encodeType = #{encodeType}</if>
             <if test="salt != null and salt != ''"> and salt = #{salt}</if>
             <if test="createTime != null and createTime != ''"> and createTime = #{createTime}</if>
             <if test="descrption != null and descrption != ''"> and descrption = #{descrption}</if>
             <if test="accessCode != null and accessCode != ''"> and accessCode = #{accessCode}</if>
             <if test="curState != null and curState != ''"> and curState = #{curState}</if>
             <if test="unableTime != null and unableTime != ''"> and unableTime = #{unableTime}</if>
         </where>
    </select>
    
    <select id="selectEmpById" parameterType="String" resultMap="EmpResult">
        <include refid="selectEmpVo"/>
        where logid = #{logid}
    </select>
        
    <insert id="insertEmp" parameterType="Emp">
        insert into as_emp
		<trim prefix="(" suffix=")" suffixOverrides=",">
			<if test="logid != null and logid != '' ">logid,</if>
			<if test="corpId != null and corpId != '' ">corpId,</if>
			<if test="corpName != null and corpName != '' ">corpName,</if>
			<if test="loginId != null and loginId != '' ">loginId,</if>
			<if test="loginName != null and loginName != '' ">loginName,</if>
			<if test="idCard != null and idCard != '' ">idCard,</if>
			<if test="empType != null and empType != '' ">empType,</if>
			<if test="gender != null and gender != '' ">gender,</if>
			<if test="mobile != null and mobile != '' ">mobile,</if>
			<if test="email != null and email != '' ">email,</if>
			<if test="passWord != null and passWord != '' ">passWord,</if>
			<if test="encodeType != null and encodeType != '' ">encodeType,</if>
			<if test="salt != null and salt != '' ">salt,</if>
			<if test="createTime != null and createTime != '' ">createTime,</if>
			<if test="descrption != null and descrption != '' ">descrption,</if>
			<if test="accessCode != null and accessCode != '' ">accessCode,</if>
			<if test="curState != null and curState != '' ">curState,</if>
			<if test="unableTime != null and unableTime != '' ">unableTime,</if>
         </trim>
        <trim prefix="values (" suffix=")" suffixOverrides=",">
			<if test="logid != null and logid != ''">#{logid},</if>
			<if test="corpId != null and corpId != ''">#{corpId},</if>
			<if test="corpName != null and corpName != ''">#{corpName},</if>
			<if test="loginId != null and loginId != ''">#{loginId},</if>
			<if test="loginName != null and loginName != ''">#{loginName},</if>
			<if test="idCard != null and idCard != ''">#{idCard},</if>
			<if test="empType != null and empType != ''">#{empType},</if>
			<if test="gender != null and gender != ''">#{gender},</if>
			<if test="mobile != null and mobile != ''">#{mobile},</if>
			<if test="email != null and email != ''">#{email},</if>
			<if test="passWord != null and passWord != ''">#{passWord},</if>
			<if test="encodeType != null and encodeType != ''">#{encodeType},</if>
			<if test="salt != null and salt != ''">#{salt},</if>
			<if test="createTime != null and createTime != ''">#{createTime},</if>
			<if test="descrption != null and descrption != ''">#{descrption},</if>
			<if test="accessCode != null and accessCode != ''">#{accessCode},</if>
			<if test="curState != null and curState != ''">#{curState},</if>
			<if test="unableTime != null and unableTime != ''">#{unableTime},</if>
         </trim>
    </insert>
	 
    <update id="updateEmp" parameterType="Emp">
        update as_emp
        <trim prefix="SET" suffixOverrides=",">
            <if test="corpId != null  and corpId != ''  ">corpId = #{corpId},</if>
            <if test="corpName != null  and corpName != ''  ">corpName = #{corpName},</if>
            <if test="loginId != null  and loginId != ''  ">loginId = #{loginId},</if>
            <if test="loginName != null  and loginName != ''  ">loginName = #{loginName},</if>
            <if test="idCard != null  and idCard != ''  ">idCard = #{idCard},</if>
            <if test="empType != null  and empType != ''  ">empType = #{empType},</if>
            <if test="gender != null  and gender != ''  ">gender = #{gender},</if>
            <if test="mobile != null  and mobile != ''  ">mobile = #{mobile},</if>
            <if test="email != null  and email != ''  ">email = #{email},</if>
            <if test="passWord != null  and passWord != ''  ">passWord = #{passWord},</if>
            <if test="encodeType != null  and encodeType != ''  ">encodeType = #{encodeType},</if>
            <if test="salt != null  and salt != ''  ">salt = #{salt},</if>
            <if test="createTime != null  and createTime != ''  ">createTime = #{createTime},</if>
            <if test="descrption != null  and descrption != ''  ">descrption = #{descrption},</if>
            <if test="accessCode != null  and accessCode != ''  ">accessCode = #{accessCode},</if>
            <if test="curState != null  and curState != ''  ">curState = #{curState},</if>
            <if test="unableTime != null  and unableTime != ''  ">unableTime = #{unableTime},</if>
        </trim>
        where logid = #{logid}
    </update>

	<delete id="deleteEmpById" parameterType="String">
        delete from as_emp where logid = #{logid}
    </delete>
	
    <delete id="deleteEmpByIds" parameterType="String">
        delete from as_emp where logid in 
        <foreach item="logid" collection="array" open="(" separator="," close=")">
            #{logid}
        </foreach>
    </delete>
    
</mapper>