<?xml version="1.0" encoding="UTF-8" ?>
<!DOCTYPE mapper
PUBLIC "-//mybatis.org//DTD Mapper 3.0//EN"
"http://mybatis.org/dtd/mybatis-3-mapper.dtd">
<mapper namespace="com.manage.project.module.favourableTime.mapper.FavourableTimeMapper">
    
    <resultMap type="FavourableTime" id="FavourableTimeResult">
        <result property="logid"    column="logid"    />
        <result property="favTimeId"    column="favTimeId"    />
        <result property="favourableId"    column="favourableId"    />
        <result property="corpId"    column="corpId"    />
        <result property="validSTime"    column="validSTime"    />
        <result property="validETime"    column="validETime"    />
        <result property="favSTime"    column="favSTime"    />
        <result property="favETime"    column="favETime"    />
        <result property="favWay"    column="favWay"    />
        <result property="discount"    column="discount"    />
        <result property="curState"    column="curState"    />
        <result property="createTime"    column="createTime"    />
    </resultMap>
	
	<sql id="selectFavourableTimeVo">
        select logid, favTimeId, favourableId, corpId, validSTime, validETime, favSTime, favETime, favWay, discount, curState, createTime from as_favourable_time
    </sql>
	
    <select id="selectFavourableTimeList" parameterType="FavourableTime" resultMap="FavourableTimeResult">
        <include refid="selectFavourableTimeVo"/>
        <where>  
            <if test="logid != null and logid != ''"> and logid = #{logid}</if>
             <if test="favTimeId != null and favTimeId != ''"> and favTimeId = #{favTimeId}</if>
             <if test="favourableId != null and favourableId != ''"> and favourableId = #{favourableId}</if>
             <if test="corpId != null and corpId != ''"> and corpId = #{corpId}</if>
             <if test="validSTime != null and validSTime != ''"> and validSTime = #{validSTime}</if>
             <if test="validETime != null and validETime != ''"> and validETime = #{validETime}</if>
             <if test="favSTime != null and favSTime != ''"> and favSTime = #{favSTime}</if>
             <if test="favETime != null and favETime != ''"> and favETime = #{favETime}</if>
             <if test="favWay != null and favWay != ''"> and favWay = #{favWay}</if>
             <if test="discount != null and discount != ''"> and discount = #{discount}</if>
             <if test="curState != null and curState != ''"> and curState = #{curState}</if>
             <if test="createTime != null and createTime != ''"> and createTime = #{createTime}</if>
         </where>
    </select>
    
    <select id="selectFavourableTimeById" parameterType="String" resultMap="FavourableTimeResult">
        <include refid="selectFavourableTimeVo"/>
        where logid = #{logid}
    </select>
        
    <insert id="insertFavourableTime" parameterType="FavourableTime">
        insert into as_favourable_time
		<trim prefix="(" suffix=")" suffixOverrides=",">
			<if test="logid != null and logid != '' ">logid,</if>
			<if test="favTimeId != null and favTimeId != '' ">favTimeId,</if>
			<if test="favourableId != null and favourableId != '' ">favourableId,</if>
			<if test="corpId != null and corpId != '' ">corpId,</if>
			<if test="validSTime != null and validSTime != '' ">validSTime,</if>
			<if test="validETime != null and validETime != '' ">validETime,</if>
			<if test="favSTime != null and favSTime != '' ">favSTime,</if>
			<if test="favETime != null and favETime != '' ">favETime,</if>
			<if test="favWay != null and favWay != '' ">favWay,</if>
			<if test="discount != null and discount != '' ">discount,</if>
			<if test="curState != null and curState != '' ">curState,</if>
			<if test="createTime != null and createTime != '' ">createTime,</if>
         </trim>
        <trim prefix="values (" suffix=")" suffixOverrides=",">
			<if test="logid != null and logid != ''">#{logid},</if>
			<if test="favTimeId != null and favTimeId != ''">#{favTimeId},</if>
			<if test="favourableId != null and favourableId != ''">#{favourableId},</if>
			<if test="corpId != null and corpId != ''">#{corpId},</if>
			<if test="validSTime != null and validSTime != ''">#{validSTime},</if>
			<if test="validETime != null and validETime != ''">#{validETime},</if>
			<if test="favSTime != null and favSTime != ''">#{favSTime},</if>
			<if test="favETime != null and favETime != ''">#{favETime},</if>
			<if test="favWay != null and favWay != ''">#{favWay},</if>
			<if test="discount != null and discount != ''">#{discount},</if>
			<if test="curState != null and curState != ''">#{curState},</if>
			<if test="createTime != null and createTime != ''">#{createTime},</if>
         </trim>
    </insert>
	 
    <update id="updateFavourableTime" parameterType="FavourableTime">
        update as_favourable_time
        <trim prefix="SET" suffixOverrides=",">
            <if test="favTimeId != null  and favTimeId != ''  ">favTimeId = #{favTimeId},</if>
            <if test="favourableId != null  and favourableId != ''  ">favourableId = #{favourableId},</if>
            <if test="corpId != null  and corpId != ''  ">corpId = #{corpId},</if>
            <if test="validSTime != null  and validSTime != ''  ">validSTime = #{validSTime},</if>
            <if test="validETime != null  and validETime != ''  ">validETime = #{validETime},</if>
            <if test="favSTime != null  and favSTime != ''  ">favSTime = #{favSTime},</if>
            <if test="favETime != null  and favETime != ''  ">favETime = #{favETime},</if>
            <if test="favWay != null  and favWay != ''  ">favWay = #{favWay},</if>
            <if test="discount != null  ">discount = #{discount},</if>
            <if test="curState != null  and curState != ''  ">curState = #{curState},</if>
            <if test="createTime != null  and createTime != ''  ">createTime = #{createTime},</if>
        </trim>
        where logid = #{logid}
    </update>

	<delete id="deleteFavourableTimeById" parameterType="String">
        delete from as_favourable_time where logid = #{logid}
    </delete>
	
    <delete id="deleteFavourableTimeByIds" parameterType="String">
        delete from as_favourable_time where logid in 
        <foreach item="logid" collection="array" open="(" separator="," close=")">
            #{logid}
        </foreach>
    </delete>
    
</mapper>