<?xml version="1.0" encoding="UTF-8" ?>
<!DOCTYPE mapper
PUBLIC "-//mybatis.org//DTD Mapper 3.0//EN"
"http://mybatis.org/dtd/mybatis-3-mapper.dtd">
<mapper namespace="com.manage.project.module.favourableObject.mapper.FavourableObjectMapper">
    
    <resultMap type="FavourableObject" id="FavourableObjectResult">
        <result property="logid"    column="logid"    />
        <result property="favObjectId"    column="favObjectId"    />
        <result property="corpId"    column="corpId"    />
        <result property="favType"    column="favType"    />
        <result property="favObjId"    column="favObjId"    />
        <result property="favWay"    column="favWay"    />
        <result property="payType"    column="payType"    />
        <result property="validSTime"    column="validSTime"    />
        <result property="validETime"    column="validETime"    />
        <result property="discount"    column="discount"    />
        <result property="createTime"    column="createTime"    />
    </resultMap>
	
	<sql id="selectFavourableObjectVo">
        select logid, favObjectId, corpId, favType, favObjId, favWay, payType, validSTime, validETime, discount, createTime from as_favourable_object
    </sql>
	
    <select id="selectFavourableObjectList" parameterType="FavourableObject" resultMap="FavourableObjectResult">
        <include refid="selectFavourableObjectVo"/>
        <where>  
            <if test="logid != null and logid != ''"> and logid = #{logid}</if>
             <if test="favObjectId != null and favObjectId != ''"> and favObjectId = #{favObjectId}</if>
             <if test="corpId != null and corpId != ''"> and corpId = #{corpId}</if>
             <if test="favType != null and favType != ''"> and favType = #{favType}</if>
             <if test="favObjId != null and favObjId != ''"> and favObjId = #{favObjId}</if>
             <if test="favWay != null and favWay != ''"> and favWay = #{favWay}</if>
             <if test="payType != null and payType != ''"> and payType = #{payType}</if>
             <if test="validSTime != null and validSTime != ''"> and validSTime = #{validSTime}</if>
             <if test="validETime != null and validETime != ''"> and validETime = #{validETime}</if>
             <if test="discount != null and discount != ''"> and discount = #{discount}</if>
             <if test="createTime != null and createTime != ''"> and createTime = #{createTime}</if>
         </where>
    </select>
    
    <select id="selectFavourableObjectById" parameterType="String" resultMap="FavourableObjectResult">
        <include refid="selectFavourableObjectVo"/>
        where logid = #{logid}
    </select>
        
    <insert id="insertFavourableObject" parameterType="FavourableObject">
        insert into as_favourable_object
		<trim prefix="(" suffix=")" suffixOverrides=",">
			<if test="logid != null and logid != '' ">logid,</if>
			<if test="favObjectId != null and favObjectId != '' ">favObjectId,</if>
			<if test="corpId != null and corpId != '' ">corpId,</if>
			<if test="favType != null and favType != '' ">favType,</if>
			<if test="favObjId != null and favObjId != '' ">favObjId,</if>
			<if test="favWay != null and favWay != '' ">favWay,</if>
			<if test="payType != null and payType != '' ">payType,</if>
			<if test="validSTime != null and validSTime != '' ">validSTime,</if>
			<if test="validETime != null and validETime != '' ">validETime,</if>
			<if test="discount != null and discount != '' ">discount,</if>
			<if test="createTime != null and createTime != '' ">createTime,</if>
         </trim>
        <trim prefix="values (" suffix=")" suffixOverrides=",">
			<if test="logid != null and logid != ''">#{logid},</if>
			<if test="favObjectId != null and favObjectId != ''">#{favObjectId},</if>
			<if test="corpId != null and corpId != ''">#{corpId},</if>
			<if test="favType != null and favType != ''">#{favType},</if>
			<if test="favObjId != null and favObjId != ''">#{favObjId},</if>
			<if test="favWay != null and favWay != ''">#{favWay},</if>
			<if test="payType != null and payType != ''">#{payType},</if>
			<if test="validSTime != null and validSTime != ''">#{validSTime},</if>
			<if test="validETime != null and validETime != ''">#{validETime},</if>
			<if test="discount != null and discount != ''">#{discount},</if>
			<if test="createTime != null and createTime != ''">#{createTime},</if>
         </trim>
    </insert>
	 
    <update id="updateFavourableObject" parameterType="FavourableObject">
        update as_favourable_object
        <trim prefix="SET" suffixOverrides=",">
            <if test="favObjectId != null  and favObjectId != ''  ">favObjectId = #{favObjectId},</if>
            <if test="corpId != null  and corpId != ''  ">corpId = #{corpId},</if>
            <if test="favType != null  and favType != ''  ">favType = #{favType},</if>
            <if test="favObjId != null  and favObjId != ''  ">favObjId = #{favObjId},</if>
            <if test="favWay != null  and favWay != ''  ">favWay = #{favWay},</if>
            <if test="payType != null  and payType != ''  ">payType = #{payType},</if>
            <if test="validSTime != null  and validSTime != ''  ">validSTime = #{validSTime},</if>
            <if test="validETime != null  and validETime != ''  ">validETime = #{validETime},</if>
            <if test="discount != null  ">discount = #{discount},</if>
            <if test="createTime != null  and createTime != ''  ">createTime = #{createTime},</if>
        </trim>
        where logid = #{logid}
    </update>

	<delete id="deleteFavourableObjectById" parameterType="String">
        delete from as_favourable_object where logid = #{logid}
    </delete>
	
    <delete id="deleteFavourableObjectByIds" parameterType="String">
        delete from as_favourable_object where logid in 
        <foreach item="logid" collection="array" open="(" separator="," close=")">
            #{logid}
        </foreach>
    </delete>
    
</mapper>