<?xml version="1.0" encoding="UTF-8" ?>
<!DOCTYPE mapper
PUBLIC "-//mybatis.org//DTD Mapper 3.0//EN"
"http://mybatis.org/dtd/mybatis-3-mapper.dtd">
<mapper namespace="com.manage.project.module.favourableConfig.mapper.FavourableConfigMapper">
    
    <resultMap type="FavourableConfig" id="FavourableConfigResult">
        <result property="logid"    column="logid"    />
        <result property="favourableId"    column="favourableId"    />
        <result property="corpId"    column="corpId"    />
        <result property="name"    column="name"    />
        <result property="favWay"    column="favWay"    />
        <result property="favTarget"    column="favTarget"    />
        <result property="payType"    column="payType"    />
        <result property="favType"    column="favType"    />
        <result property="validSTime"    column="validSTime"    />
        <result property="validETime"    column="validETime"    />
        <result property="curState"    column="curState"    />
        <result property="favNum"    column="favNum"    />
        <result property="favMoney"    column="favMoney"    />
        <result property="favTimes"    column="favTimes"    />
        <result property="createTime"    column="createTime"    />
    </resultMap>
	
	<sql id="selectFavourableConfigVo">
        select logid, favourableId, corpId, name, favWay, favTarget, payType, favType, validSTime, validETime, curState, favNum, favMoney, favTimes, createTime from as_favourable_config
    </sql>
	
    <select id="selectFavourableConfigList" parameterType="FavourableConfig" resultMap="FavourableConfigResult">
        <include refid="selectFavourableConfigVo"/>
        <where>  
            <if test="logid != null and logid != ''"> and logid = #{logid}</if>
             <if test="favourableId != null and favourableId != ''"> and favourableId = #{favourableId}</if>
             <if test="corpId != null and corpId != ''"> and corpId = #{corpId}</if>
             <if test="name != null and name != ''"> and name = #{name}</if>
             <if test="favWay != null and favWay != ''"> and favWay = #{favWay}</if>
             <if test="favTarget != null and favTarget != ''"> and favTarget = #{favTarget}</if>
             <if test="payType != null and payType != ''"> and payType = #{payType}</if>
             <if test="favType != null and favType != ''"> and favType = #{favType}</if>
             <if test="validSTime != null and validSTime != ''"> and validSTime = #{validSTime}</if>
             <if test="validETime != null and validETime != ''"> and validETime = #{validETime}</if>
             <if test="curState != null and curState != ''"> and curState = #{curState}</if>
             <if test="favNum != null and favNum != ''"> and favNum = #{favNum}</if>
             <if test="favMoney != null and favMoney != ''"> and favMoney = #{favMoney}</if>
             <if test="favTimes != null and favTimes != ''"> and favTimes = #{favTimes}</if>
             <if test="createTime != null and createTime != ''"> and createTime = #{createTime}</if>
         </where>
    </select>
    
    <select id="selectFavourableConfigById" parameterType="String" resultMap="FavourableConfigResult">
        <include refid="selectFavourableConfigVo"/>
        where logid = #{logid}
    </select>
        
    <insert id="insertFavourableConfig" parameterType="FavourableConfig">
        insert into as_favourable_config
		<trim prefix="(" suffix=")" suffixOverrides=",">
			<if test="logid != null and logid != '' ">logid,</if>
			<if test="favourableId != null and favourableId != '' ">favourableId,</if>
			<if test="corpId != null and corpId != '' ">corpId,</if>
			<if test="name != null and name != '' ">name,</if>
			<if test="favWay != null and favWay != '' ">favWay,</if>
			<if test="favTarget != null and favTarget != '' ">favTarget,</if>
			<if test="payType != null and payType != '' ">payType,</if>
			<if test="favType != null and favType != '' ">favType,</if>
			<if test="validSTime != null and validSTime != '' ">validSTime,</if>
			<if test="validETime != null and validETime != '' ">validETime,</if>
			<if test="curState != null and curState != '' ">curState,</if>
			<if test="favNum != null and favNum != '' ">favNum,</if>
			<if test="favMoney != null and favMoney != '' ">favMoney,</if>
			<if test="favTimes != null and favTimes != '' ">favTimes,</if>
			<if test="createTime != null and createTime != '' ">createTime,</if>
         </trim>
        <trim prefix="values (" suffix=")" suffixOverrides=",">
			<if test="logid != null and logid != ''">#{logid},</if>
			<if test="favourableId != null and favourableId != ''">#{favourableId},</if>
			<if test="corpId != null and corpId != ''">#{corpId},</if>
			<if test="name != null and name != ''">#{name},</if>
			<if test="favWay != null and favWay != ''">#{favWay},</if>
			<if test="favTarget != null and favTarget != ''">#{favTarget},</if>
			<if test="payType != null and payType != ''">#{payType},</if>
			<if test="favType != null and favType != ''">#{favType},</if>
			<if test="validSTime != null and validSTime != ''">#{validSTime},</if>
			<if test="validETime != null and validETime != ''">#{validETime},</if>
			<if test="curState != null and curState != ''">#{curState},</if>
			<if test="favNum != null and favNum != ''">#{favNum},</if>
			<if test="favMoney != null and favMoney != ''">#{favMoney},</if>
			<if test="favTimes != null and favTimes != ''">#{favTimes},</if>
			<if test="createTime != null and createTime != ''">#{createTime},</if>
         </trim>
    </insert>
	 
    <update id="updateFavourableConfig" parameterType="FavourableConfig">
        update as_favourable_config
        <trim prefix="SET" suffixOverrides=",">
            <if test="favourableId != null  and favourableId != ''  ">favourableId = #{favourableId},</if>
            <if test="corpId != null  and corpId != ''  ">corpId = #{corpId},</if>
            <if test="name != null  and name != ''  ">name = #{name},</if>
            <if test="favWay != null  and favWay != ''  ">favWay = #{favWay},</if>
            <if test="favTarget != null  and favTarget != ''  ">favTarget = #{favTarget},</if>
            <if test="payType != null  and payType != ''  ">payType = #{payType},</if>
            <if test="favType != null  and favType != ''  ">favType = #{favType},</if>
            <if test="validSTime != null  and validSTime != ''  ">validSTime = #{validSTime},</if>
            <if test="validETime != null  and validETime != ''  ">validETime = #{validETime},</if>
            <if test="curState != null  and curState != ''  ">curState = #{curState},</if>
            <if test="favNum != null  ">favNum = #{favNum},</if>
            <if test="favMoney != null  ">favMoney = #{favMoney},</if>
            <if test="favTimes != null  ">favTimes = #{favTimes},</if>
            <if test="createTime != null  and createTime != ''  ">createTime = #{createTime},</if>
        </trim>
        where logid = #{logid}
    </update>

	<delete id="deleteFavourableConfigById" parameterType="String">
        delete from as_favourable_config where logid = #{logid}
    </delete>
	
    <delete id="deleteFavourableConfigByIds" parameterType="String">
        delete from as_favourable_config where logid in 
        <foreach item="logid" collection="array" open="(" separator="," close=")">
            #{logid}
        </foreach>
    </delete>
    
</mapper>