<?xml version="1.0" encoding="UTF-8" ?>
<!DOCTYPE mapper
PUBLIC "-//mybatis.org//DTD Mapper 3.0//EN"
"http://mybatis.org/dtd/mybatis-3-mapper.dtd">
<mapper namespace="com.manage.project.module.orderApply.mapper.OrderApplyMapper">
    
    <resultMap type="OrderApply" id="OrderApplyResult">
        <result property="logid"    column="logid"    />
        <result property="orderId"    column="orderId"    />
        <result property="torderId"    column="torderId"    />
        <result property="corpId"    column="corpId"    />
        <result property="districtId"    column="districtId"    />
        <result property="lineId"    column="lineId"    />
        <result property="pointId"    column="pointId"    />
        <result property="siteId"    column="siteId"    />
        <result property="siteName"    column="siteName"    />
        <result property="loginId"    column="loginId"    />
        <result property="loginName"    column="loginName"    />
        <result property="saleChannel"    column="saleChannel"    />
        <result property="outState"    column="outState"    />
        <result property="pNum"    column="pNum"    />
        <result property="favWay"    column="favWay"    />
        <result property="buyPrice"    column="buyPrice"    />
        <result property="salePrice"    column="salePrice"    />
        <result property="payPrice"    column="payPrice"    />
        <result property="favPrice"    column="favPrice"    />
        <result property="returnMoney"    column="returnMoney"    />
        <result property="profitMoney"    column="profitMoney"    />
        <result property="payType"    column="payType"    />
        <result property="payState"    column="payState"    />
        <result property="returnType"    column="returnType"    />
        <result property="fetchOverTime"    column="fetchOverTime"    />
        <result property="curState"    column="curState"    />
        <result property="stateTime"    column="stateTime"    />
        <result property="abnomarlState"    column="abnomarlState"    />
        <result property="outId"    column="outId"    />
        <result property="aStateTime"    column="aStateTime"    />
        <result property="orderType"    column="orderType"    />
        <result property="passWord"    column="passWord"    />
        <result property="encryptionType"    column="encryptionType"    />
        <result property="slat"    column="slat"    />
        <result property="createTime"    column="createTime"    />
        <result property="pTradeNo"    column="pTradeNo"    />
        <result property="rTradeNo"    column="rTradeNo"    />
        <result property="pushState"    column="pushState"    />
        <result property="pStateTime"    column="pStateTime"    />
    </resultMap>
	
	<sql id="selectOrderApplyVo">
        select logid, orderId, torderId, corpId, districtId, lineId, pointId, siteId, siteName, loginId, loginName, saleChannel, outState, pNum, favWay, buyPrice, salePrice, payPrice, favPrice, returnMoney, profitMoney, payType, payState, returnType, fetchOverTime, curState, stateTime, abnomarlState, outId, aStateTime, orderType, passWord, encryptionType, slat, createTime, pTradeNo, rTradeNo, pushState, pStateTime from as_order_apply
    </sql>
	
    <select id="selectOrderApplyList" parameterType="OrderApply" resultMap="OrderApplyResult">
        <include refid="selectOrderApplyVo"/>
        <where>  
            <if test="logid != null and logid != ''"> and logid = #{logid}</if>
             <if test="orderId != null and orderId != ''"> and orderId = #{orderId}</if>
             <if test="torderId != null and torderId != ''"> and torderId = #{torderId}</if>
             <if test="corpId != null and corpId != ''"> and corpId = #{corpId}</if>
             <if test="districtId != null and districtId != ''"> and districtId = #{districtId}</if>
             <if test="lineId != null and lineId != ''"> and lineId = #{lineId}</if>
             <if test="pointId != null and pointId != ''"> and pointId = #{pointId}</if>
             <if test="siteId != null and siteId != ''"> and siteId = #{siteId}</if>
             <if test="siteName != null and siteName != ''"> and siteName = #{siteName}</if>
             <if test="loginId != null and loginId != ''"> and loginId = #{loginId}</if>
             <if test="loginName != null and loginName != ''"> and loginName = #{loginName}</if>
             <if test="saleChannel != null and saleChannel != ''"> and saleChannel = #{saleChannel}</if>
             <if test="outState != null and outState != ''"> and outState = #{outState}</if>
             <if test="pNum != null and pNum != ''"> and pNum = #{pNum}</if>
             <if test="favWay != null and favWay != ''"> and favWay = #{favWay}</if>
             <if test="buyPrice != null and buyPrice != ''"> and buyPrice = #{buyPrice}</if>
             <if test="salePrice != null and salePrice != ''"> and salePrice = #{salePrice}</if>
             <if test="payPrice != null and payPrice != ''"> and payPrice = #{payPrice}</if>
             <if test="favPrice != null and favPrice != ''"> and favPrice = #{favPrice}</if>
             <if test="returnMoney != null and returnMoney != ''"> and returnMoney = #{returnMoney}</if>
             <if test="profitMoney != null and profitMoney != ''"> and profitMoney = #{profitMoney}</if>
             <if test="payType != null and payType != ''"> and payType = #{payType}</if>
             <if test="payState != null and payState != ''"> and payState = #{payState}</if>
             <if test="returnType != null and returnType != ''"> and returnType = #{returnType}</if>
             <if test="fetchOverTime != null and fetchOverTime != ''"> and fetchOverTime = #{fetchOverTime}</if>
             <if test="curState != null and curState != ''"> and curState = #{curState}</if>
             <if test="stateTime != null and stateTime != ''"> and stateTime = #{stateTime}</if>
             <if test="abnomarlState != null and abnomarlState != ''"> and abnomarlState = #{abnomarlState}</if>
             <if test="outId != null and outId != ''"> and outId = #{outId}</if>
             <if test="aStateTime != null and aStateTime != ''"> and aStateTime = #{aStateTime}</if>
             <if test="orderType != null and orderType != ''"> and orderType = #{orderType}</if>
             <if test="passWord != null and passWord != ''"> and passWord = #{passWord}</if>
             <if test="encryptionType != null and encryptionType != ''"> and encryptionType = #{encryptionType}</if>
             <if test="slat != null and slat != ''"> and slat = #{slat}</if>
             <if test="createTime != null and createTime != ''"> and createTime = #{createTime}</if>
             <if test="pTradeNo != null and pTradeNo != ''"> and pTradeNo = #{pTradeNo}</if>
             <if test="rTradeNo != null and rTradeNo != ''"> and rTradeNo = #{rTradeNo}</if>
             <if test="pushState != null and pushState != ''"> and pushState = #{pushState}</if>
             <if test="pStateTime != null and pStateTime != ''"> and pStateTime = #{pStateTime}</if>
         </where>
    </select>
    
    <select id="selectOrderApplyById" parameterType="String" resultMap="OrderApplyResult">
        <include refid="selectOrderApplyVo"/>
        where logid = #{logid}
    </select>
        
    <insert id="insertOrderApply" parameterType="OrderApply">
        insert into as_order_apply
		<trim prefix="(" suffix=")" suffixOverrides=",">
			<if test="logid != null and logid != '' ">logid,</if>
			<if test="orderId != null and orderId != '' ">orderId,</if>
			<if test="torderId != null and torderId != '' ">torderId,</if>
			<if test="corpId != null and corpId != '' ">corpId,</if>
			<if test="districtId != null and districtId != '' ">districtId,</if>
			<if test="lineId != null and lineId != '' ">lineId,</if>
			<if test="pointId != null and pointId != '' ">pointId,</if>
			<if test="siteId != null and siteId != '' ">siteId,</if>
			<if test="siteName != null and siteName != '' ">siteName,</if>
			<if test="loginId != null and loginId != '' ">loginId,</if>
			<if test="loginName != null and loginName != '' ">loginName,</if>
			<if test="saleChannel != null and saleChannel != '' ">saleChannel,</if>
			<if test="outState != null and outState != '' ">outState,</if>
			<if test="pNum != null and pNum != '' ">pNum,</if>
			<if test="favWay != null and favWay != '' ">favWay,</if>
			<if test="buyPrice != null and buyPrice != '' ">buyPrice,</if>
			<if test="salePrice != null and salePrice != '' ">salePrice,</if>
			<if test="payPrice != null and payPrice != '' ">payPrice,</if>
			<if test="favPrice != null and favPrice != '' ">favPrice,</if>
			<if test="returnMoney != null and returnMoney != '' ">returnMoney,</if>
			<if test="profitMoney != null and profitMoney != '' ">profitMoney,</if>
			<if test="payType != null and payType != '' ">payType,</if>
			<if test="payState != null and payState != '' ">payState,</if>
			<if test="returnType != null and returnType != '' ">returnType,</if>
			<if test="fetchOverTime != null and fetchOverTime != '' ">fetchOverTime,</if>
			<if test="curState != null and curState != '' ">curState,</if>
			<if test="stateTime != null and stateTime != '' ">stateTime,</if>
			<if test="abnomarlState != null and abnomarlState != '' ">abnomarlState,</if>
			<if test="outId != null and outId != '' ">outId,</if>
			<if test="aStateTime != null and aStateTime != '' ">aStateTime,</if>
			<if test="orderType != null and orderType != '' ">orderType,</if>
			<if test="passWord != null and passWord != '' ">passWord,</if>
			<if test="encryptionType != null and encryptionType != '' ">encryptionType,</if>
			<if test="slat != null and slat != '' ">slat,</if>
			<if test="createTime != null and createTime != '' ">createTime,</if>
			<if test="pTradeNo != null and pTradeNo != '' ">pTradeNo,</if>
			<if test="rTradeNo != null and rTradeNo != '' ">rTradeNo,</if>
			<if test="pushState != null and pushState != '' ">pushState,</if>
			<if test="pStateTime != null and pStateTime != '' ">pStateTime,</if>
         </trim>
        <trim prefix="values (" suffix=")" suffixOverrides=",">
			<if test="logid != null and logid != ''">#{logid},</if>
			<if test="orderId != null and orderId != ''">#{orderId},</if>
			<if test="torderId != null and torderId != ''">#{torderId},</if>
			<if test="corpId != null and corpId != ''">#{corpId},</if>
			<if test="districtId != null and districtId != ''">#{districtId},</if>
			<if test="lineId != null and lineId != ''">#{lineId},</if>
			<if test="pointId != null and pointId != ''">#{pointId},</if>
			<if test="siteId != null and siteId != ''">#{siteId},</if>
			<if test="siteName != null and siteName != ''">#{siteName},</if>
			<if test="loginId != null and loginId != ''">#{loginId},</if>
			<if test="loginName != null and loginName != ''">#{loginName},</if>
			<if test="saleChannel != null and saleChannel != ''">#{saleChannel},</if>
			<if test="outState != null and outState != ''">#{outState},</if>
			<if test="pNum != null and pNum != ''">#{pNum},</if>
			<if test="favWay != null and favWay != ''">#{favWay},</if>
			<if test="buyPrice != null and buyPrice != ''">#{buyPrice},</if>
			<if test="salePrice != null and salePrice != ''">#{salePrice},</if>
			<if test="payPrice != null and payPrice != ''">#{payPrice},</if>
			<if test="favPrice != null and favPrice != ''">#{favPrice},</if>
			<if test="returnMoney != null and returnMoney != ''">#{returnMoney},</if>
			<if test="profitMoney != null and profitMoney != ''">#{profitMoney},</if>
			<if test="payType != null and payType != ''">#{payType},</if>
			<if test="payState != null and payState != ''">#{payState},</if>
			<if test="returnType != null and returnType != ''">#{returnType},</if>
			<if test="fetchOverTime != null and fetchOverTime != ''">#{fetchOverTime},</if>
			<if test="curState != null and curState != ''">#{curState},</if>
			<if test="stateTime != null and stateTime != ''">#{stateTime},</if>
			<if test="abnomarlState != null and abnomarlState != ''">#{abnomarlState},</if>
			<if test="outId != null and outId != ''">#{outId},</if>
			<if test="aStateTime != null and aStateTime != ''">#{aStateTime},</if>
			<if test="orderType != null and orderType != ''">#{orderType},</if>
			<if test="passWord != null and passWord != ''">#{passWord},</if>
			<if test="encryptionType != null and encryptionType != ''">#{encryptionType},</if>
			<if test="slat != null and slat != ''">#{slat},</if>
			<if test="createTime != null and createTime != ''">#{createTime},</if>
			<if test="pTradeNo != null and pTradeNo != ''">#{pTradeNo},</if>
			<if test="rTradeNo != null and rTradeNo != ''">#{rTradeNo},</if>
			<if test="pushState != null and pushState != ''">#{pushState},</if>
			<if test="pStateTime != null and pStateTime != ''">#{pStateTime},</if>
         </trim>
    </insert>
	 
    <update id="updateOrderApply" parameterType="OrderApply">
        update as_order_apply
        <trim prefix="SET" suffixOverrides=",">
            <if test="orderId != null  and orderId != ''  ">orderId = #{orderId},</if>
            <if test="torderId != null  and torderId != ''  ">torderId = #{torderId},</if>
            <if test="corpId != null  and corpId != ''  ">corpId = #{corpId},</if>
            <if test="districtId != null  and districtId != ''  ">districtId = #{districtId},</if>
            <if test="lineId != null  and lineId != ''  ">lineId = #{lineId},</if>
            <if test="pointId != null  and pointId != ''  ">pointId = #{pointId},</if>
            <if test="siteId != null  and siteId != ''  ">siteId = #{siteId},</if>
            <if test="siteName != null  and siteName != ''  ">siteName = #{siteName},</if>
            <if test="loginId != null  and loginId != ''  ">loginId = #{loginId},</if>
            <if test="loginName != null  and loginName != ''  ">loginName = #{loginName},</if>
            <if test="saleChannel != null  and saleChannel != ''  ">saleChannel = #{saleChannel},</if>
            <if test="outState != null  and outState != ''  ">outState = #{outState},</if>
            <if test="pNum != null  ">pNum = #{pNum},</if>
            <if test="favWay != null  and favWay != ''  ">favWay = #{favWay},</if>
            <if test="buyPrice != null  ">buyPrice = #{buyPrice},</if>
            <if test="salePrice != null  ">salePrice = #{salePrice},</if>
            <if test="payPrice != null  ">payPrice = #{payPrice},</if>
            <if test="favPrice != null  ">favPrice = #{favPrice},</if>
            <if test="returnMoney != null  ">returnMoney = #{returnMoney},</if>
            <if test="profitMoney != null  ">profitMoney = #{profitMoney},</if>
            <if test="payType != null  and payType != ''  ">payType = #{payType},</if>
            <if test="payState != null  and payState != ''  ">payState = #{payState},</if>
            <if test="returnType != null  and returnType != ''  ">returnType = #{returnType},</if>
            <if test="fetchOverTime != null  and fetchOverTime != ''  ">fetchOverTime = #{fetchOverTime},</if>
            <if test="curState != null  and curState != ''  ">curState = #{curState},</if>
            <if test="stateTime != null  and stateTime != ''  ">stateTime = #{stateTime},</if>
            <if test="abnomarlState != null  and abnomarlState != ''  ">abnomarlState = #{abnomarlState},</if>
            <if test="outId != null  and outId != ''  ">outId = #{outId},</if>
            <if test="aStateTime != null  and aStateTime != ''  ">aStateTime = #{aStateTime},</if>
            <if test="orderType != null  and orderType != ''  ">orderType = #{orderType},</if>
            <if test="passWord != null  and passWord != ''  ">passWord = #{passWord},</if>
            <if test="encryptionType != null  and encryptionType != ''  ">encryptionType = #{encryptionType},</if>
            <if test="slat != null  and slat != ''  ">slat = #{slat},</if>
            <if test="createTime != null  and createTime != ''  ">createTime = #{createTime},</if>
            <if test="pTradeNo != null  and pTradeNo != ''  ">pTradeNo = #{pTradeNo},</if>
            <if test="rTradeNo != null  and rTradeNo != ''  ">rTradeNo = #{rTradeNo},</if>
            <if test="pushState != null  and pushState != ''  ">pushState = #{pushState},</if>
            <if test="pStateTime != null  and pStateTime != ''  ">pStateTime = #{pStateTime},</if>
        </trim>
        where logid = #{logid}
    </update>

	<delete id="deleteOrderApplyById" parameterType="String">
        delete from as_order_apply where logid = #{logid}
    </delete>
	
    <delete id="deleteOrderApplyByIds" parameterType="String">
        delete from as_order_apply where logid in 
        <foreach item="logid" collection="array" open="(" separator="," close=")">
            #{logid}
        </foreach>
    </delete>
    
</mapper>