<?xml version="1.0" encoding="UTF-8" ?>
<!DOCTYPE mapper
PUBLIC "-//mybatis.org//DTD Mapper 3.0//EN"
"http://mybatis.org/dtd/mybatis-3-mapper.dtd">
<mapper namespace="com.manage.project.module.orderProduct.mapper.OrderProductMapper">
    
    <resultMap type="OrderProduct" id="OrderProductResult">
        <result property="logid"    column="logid"    />
        <result property="prodetailId"    column="prodetailId"    />
        <result property="corpId"    column="corpId"    />
        <result property="orderId"    column="orderId"    />
        <result property="torderId"    column="torderId"    />
        <result property="productId"    column="productId"    />
        <result property="productName"    column="productName"    />
        <result property="productTypeId"    column="productTypeId"    />
        <result property="factoryId"    column="factoryId"    />
        <result property="normalPrice"    column="normalPrice"    />
        <result property="salePrice"    column="salePrice"    />
        <result property="saleNum"    column="saleNum"    />
        <result property="outNum"    column="outNum"    />
        <result property="reNum"    column="reNum"    />
        <result property="createTime"    column="createTime"    />
    </resultMap>
	
	<sql id="selectOrderProductVo">
        select logid, prodetailId, corpId, orderId, torderId, productId, productName, productTypeId, factoryId, normalPrice, salePrice, saleNum, outNum, reNum, createTime from as_order_product
    </sql>
	
    <select id="selectOrderProductList" parameterType="OrderProduct" resultMap="OrderProductResult">
        <include refid="selectOrderProductVo"/>
        <where>  
            <if test="logid != null and logid != ''"> and logid = #{logid}</if>
             <if test="prodetailId != null and prodetailId != ''"> and prodetailId = #{prodetailId}</if>
             <if test="corpId != null and corpId != ''"> and corpId = #{corpId}</if>
             <if test="orderId != null and orderId != ''"> and orderId = #{orderId}</if>
             <if test="torderId != null and torderId != ''"> and torderId = #{torderId}</if>
             <if test="productId != null and productId != ''"> and productId = #{productId}</if>
             <if test="productName != null and productName != ''"> and productName = #{productName}</if>
             <if test="productTypeId != null and productTypeId != ''"> and productTypeId = #{productTypeId}</if>
             <if test="factoryId != null and factoryId != ''"> and factoryId = #{factoryId}</if>
             <if test="normalPrice != null and normalPrice != ''"> and normalPrice = #{normalPrice}</if>
             <if test="salePrice != null and salePrice != ''"> and salePrice = #{salePrice}</if>
             <if test="saleNum != null and saleNum != ''"> and saleNum = #{saleNum}</if>
             <if test="outNum != null and outNum != ''"> and outNum = #{outNum}</if>
             <if test="reNum != null and reNum != ''"> and reNum = #{reNum}</if>
             <if test="createTime != null and createTime != ''"> and createTime = #{createTime}</if>
         </where>
    </select>
    
    <select id="selectOrderProductById" parameterType="String" resultMap="OrderProductResult">
        <include refid="selectOrderProductVo"/>
        where logid = #{logid}
    </select>
        
    <insert id="insertOrderProduct" parameterType="OrderProduct">
        insert into as_order_product
		<trim prefix="(" suffix=")" suffixOverrides=",">
			<if test="logid != null and logid != '' ">logid,</if>
			<if test="prodetailId != null and prodetailId != '' ">prodetailId,</if>
			<if test="corpId != null and corpId != '' ">corpId,</if>
			<if test="orderId != null and orderId != '' ">orderId,</if>
			<if test="torderId != null and torderId != '' ">torderId,</if>
			<if test="productId != null and productId != '' ">productId,</if>
			<if test="productName != null and productName != '' ">productName,</if>
			<if test="productTypeId != null and productTypeId != '' ">productTypeId,</if>
			<if test="factoryId != null and factoryId != '' ">factoryId,</if>
			<if test="normalPrice != null and normalPrice != '' ">normalPrice,</if>
			<if test="salePrice != null and salePrice != '' ">salePrice,</if>
			<if test="saleNum != null and saleNum != '' ">saleNum,</if>
			<if test="outNum != null and outNum != '' ">outNum,</if>
			<if test="reNum != null and reNum != '' ">reNum,</if>
			<if test="createTime != null and createTime != '' ">createTime,</if>
         </trim>
        <trim prefix="values (" suffix=")" suffixOverrides=",">
			<if test="logid != null and logid != ''">#{logid},</if>
			<if test="prodetailId != null and prodetailId != ''">#{prodetailId},</if>
			<if test="corpId != null and corpId != ''">#{corpId},</if>
			<if test="orderId != null and orderId != ''">#{orderId},</if>
			<if test="torderId != null and torderId != ''">#{torderId},</if>
			<if test="productId != null and productId != ''">#{productId},</if>
			<if test="productName != null and productName != ''">#{productName},</if>
			<if test="productTypeId != null and productTypeId != ''">#{productTypeId},</if>
			<if test="factoryId != null and factoryId != ''">#{factoryId},</if>
			<if test="normalPrice != null and normalPrice != ''">#{normalPrice},</if>
			<if test="salePrice != null and salePrice != ''">#{salePrice},</if>
			<if test="saleNum != null and saleNum != ''">#{saleNum},</if>
			<if test="outNum != null and outNum != ''">#{outNum},</if>
			<if test="reNum != null and reNum != ''">#{reNum},</if>
			<if test="createTime != null and createTime != ''">#{createTime},</if>
         </trim>
    </insert>
	 
    <update id="updateOrderProduct" parameterType="OrderProduct">
        update as_order_product
        <trim prefix="SET" suffixOverrides=",">
            <if test="prodetailId != null  and prodetailId != ''  ">prodetailId = #{prodetailId},</if>
            <if test="corpId != null  and corpId != ''  ">corpId = #{corpId},</if>
            <if test="orderId != null  and orderId != ''  ">orderId = #{orderId},</if>
            <if test="torderId != null  and torderId != ''  ">torderId = #{torderId},</if>
            <if test="productId != null  and productId != ''  ">productId = #{productId},</if>
            <if test="productName != null  and productName != ''  ">productName = #{productName},</if>
            <if test="productTypeId != null  and productTypeId != ''  ">productTypeId = #{productTypeId},</if>
            <if test="factoryId != null  and factoryId != ''  ">factoryId = #{factoryId},</if>
            <if test="normalPrice != null  ">normalPrice = #{normalPrice},</if>
            <if test="salePrice != null  ">salePrice = #{salePrice},</if>
            <if test="saleNum != null  ">saleNum = #{saleNum},</if>
            <if test="outNum != null  ">outNum = #{outNum},</if>
            <if test="reNum != null  ">reNum = #{reNum},</if>
            <if test="createTime != null  and createTime != ''  ">createTime = #{createTime},</if>
        </trim>
        where logid = #{logid}
    </update>

	<delete id="deleteOrderProductById" parameterType="String">
        delete from as_order_product where logid = #{logid}
    </delete>
	
    <delete id="deleteOrderProductByIds" parameterType="String">
        delete from as_order_product where logid in 
        <foreach item="logid" collection="array" open="(" separator="," close=")">
            #{logid}
        </foreach>
    </delete>
    
</mapper>