<?xml version="1.0" encoding="UTF-8" ?>
<!DOCTYPE mapper
PUBLIC "-//mybatis.org//DTD Mapper 3.0//EN"
"http://mybatis.org/dtd/mybatis-3-mapper.dtd">
<mapper namespace="com.manage.project.module.orderBoxDetail.mapper.OrderBoxDetailMapper">
    
    <resultMap type="OrderBoxDetail" id="OrderBoxDetailResult">
        <result property="logid"    column="logid"    />
        <result property="detailId"    column="detailId"    />
        <result property="orderId"    column="orderId"    />
        <result property="siteId"    column="siteId"    />
        <result property="siteName"    column="siteName"    />
        <result property="corpId"    column="corpId"    />
        <result property="laneSId"    column="laneSId"    />
        <result property="productId"    column="productId"    />
        <result property="productTypeId"    column="productTypeId"    />
        <result property="buyPrice"    column="buyPrice"    />
        <result property="salePrice"    column="salePrice"    />
        <result property="payPrice"    column="payPrice"    />
        <result property="favPrice"    column="favPrice"    />
        <result property="returnPrice"    column="returnPrice"    />
        <result property="profitMoney"    column="profitMoney"    />
        <result property="outState"    column="outState"    />
        <result property="rptTime"    column="rptTime"    />
        <result property="rptDate"    column="rptDate"    />
        <result property="rptDay"    column="rptDay"    />
        <result property="rptWeek"    column="rptWeek"    />
        <result property="rptMonth"    column="rptMonth"    />
        <result property="rptYear"    column="rptYear"    />
        <result property="createTime"    column="createTime"    />
    </resultMap>
	
	<sql id="selectOrderBoxDetailVo">
        select logid, detailId, orderId, siteId, siteName, corpId, laneSId, productId, productTypeId, buyPrice, salePrice, payPrice, favPrice, returnPrice, profitMoney, outState, rptTime, rptDate, rptDay, rptWeek, rptMonth, rptYear, createTime from as_order_box_detail
    </sql>
	
    <select id="selectOrderBoxDetailList" parameterType="OrderBoxDetail" resultMap="OrderBoxDetailResult">
        <include refid="selectOrderBoxDetailVo"/>
        <where>  
            <if test="logid != null and logid != ''"> and logid = #{logid}</if>
             <if test="detailId != null and detailId != ''"> and detailId = #{detailId}</if>
             <if test="orderId != null and orderId != ''"> and orderId = #{orderId}</if>
             <if test="siteId != null and siteId != ''"> and siteId = #{siteId}</if>
             <if test="siteName != null and siteName != ''"> and siteName = #{siteName}</if>
             <if test="corpId != null and corpId != ''"> and corpId = #{corpId}</if>
             <if test="laneSId != null and laneSId != ''"> and laneSId = #{laneSId}</if>
             <if test="productId != null and productId != ''"> and productId = #{productId}</if>
             <if test="productTypeId != null and productTypeId != ''"> and productTypeId = #{productTypeId}</if>
             <if test="buyPrice != null and buyPrice != ''"> and buyPrice = #{buyPrice}</if>
             <if test="salePrice != null and salePrice != ''"> and salePrice = #{salePrice}</if>
             <if test="payPrice != null and payPrice != ''"> and payPrice = #{payPrice}</if>
             <if test="favPrice != null and favPrice != ''"> and favPrice = #{favPrice}</if>
             <if test="returnPrice != null and returnPrice != ''"> and returnPrice = #{returnPrice}</if>
             <if test="profitMoney != null and profitMoney != ''"> and profitMoney = #{profitMoney}</if>
             <if test="outState != null and outState != ''"> and outState = #{outState}</if>
             <if test="rptTime != null and rptTime != ''"> and rptTime = #{rptTime}</if>
             <if test="rptDate != null and rptDate != ''"> and rptDate = #{rptDate}</if>
             <if test="rptDay != null and rptDay != ''"> and rptDay = #{rptDay}</if>
             <if test="rptWeek != null and rptWeek != ''"> and rptWeek = #{rptWeek}</if>
             <if test="rptMonth != null and rptMonth != ''"> and rptMonth = #{rptMonth}</if>
             <if test="rptYear != null and rptYear != ''"> and rptYear = #{rptYear}</if>
             <if test="createTime != null and createTime != ''"> and createTime = #{createTime}</if>
         </where>
    </select>
    
    <select id="selectOrderBoxDetailById" parameterType="String" resultMap="OrderBoxDetailResult">
        <include refid="selectOrderBoxDetailVo"/>
        where logid = #{logid}
    </select>
        
    <insert id="insertOrderBoxDetail" parameterType="OrderBoxDetail">
        insert into as_order_box_detail
		<trim prefix="(" suffix=")" suffixOverrides=",">
			<if test="logid != null and logid != '' ">logid,</if>
			<if test="detailId != null and detailId != '' ">detailId,</if>
			<if test="orderId != null and orderId != '' ">orderId,</if>
			<if test="siteId != null and siteId != '' ">siteId,</if>
			<if test="siteName != null and siteName != '' ">siteName,</if>
			<if test="corpId != null and corpId != '' ">corpId,</if>
			<if test="laneSId != null and laneSId != '' ">laneSId,</if>
			<if test="productId != null and productId != '' ">productId,</if>
			<if test="productTypeId != null and productTypeId != '' ">productTypeId,</if>
			<if test="buyPrice != null and buyPrice != '' ">buyPrice,</if>
			<if test="salePrice != null and salePrice != '' ">salePrice,</if>
			<if test="payPrice != null and payPrice != '' ">payPrice,</if>
			<if test="favPrice != null and favPrice != '' ">favPrice,</if>
			<if test="returnPrice != null and returnPrice != '' ">returnPrice,</if>
			<if test="profitMoney != null and profitMoney != '' ">profitMoney,</if>
			<if test="outState != null and outState != '' ">outState,</if>
			<if test="rptTime != null and rptTime != '' ">rptTime,</if>
			<if test="rptDate != null and rptDate != '' ">rptDate,</if>
			<if test="rptDay != null and rptDay != '' ">rptDay,</if>
			<if test="rptWeek != null and rptWeek != '' ">rptWeek,</if>
			<if test="rptMonth != null and rptMonth != '' ">rptMonth,</if>
			<if test="rptYear != null and rptYear != '' ">rptYear,</if>
			<if test="createTime != null and createTime != '' ">createTime,</if>
         </trim>
        <trim prefix="values (" suffix=")" suffixOverrides=",">
			<if test="logid != null and logid != ''">#{logid},</if>
			<if test="detailId != null and detailId != ''">#{detailId},</if>
			<if test="orderId != null and orderId != ''">#{orderId},</if>
			<if test="siteId != null and siteId != ''">#{siteId},</if>
			<if test="siteName != null and siteName != ''">#{siteName},</if>
			<if test="corpId != null and corpId != ''">#{corpId},</if>
			<if test="laneSId != null and laneSId != ''">#{laneSId},</if>
			<if test="productId != null and productId != ''">#{productId},</if>
			<if test="productTypeId != null and productTypeId != ''">#{productTypeId},</if>
			<if test="buyPrice != null and buyPrice != ''">#{buyPrice},</if>
			<if test="salePrice != null and salePrice != ''">#{salePrice},</if>
			<if test="payPrice != null and payPrice != ''">#{payPrice},</if>
			<if test="favPrice != null and favPrice != ''">#{favPrice},</if>
			<if test="returnPrice != null and returnPrice != ''">#{returnPrice},</if>
			<if test="profitMoney != null and profitMoney != ''">#{profitMoney},</if>
			<if test="outState != null and outState != ''">#{outState},</if>
			<if test="rptTime != null and rptTime != ''">#{rptTime},</if>
			<if test="rptDate != null and rptDate != ''">#{rptDate},</if>
			<if test="rptDay != null and rptDay != ''">#{rptDay},</if>
			<if test="rptWeek != null and rptWeek != ''">#{rptWeek},</if>
			<if test="rptMonth != null and rptMonth != ''">#{rptMonth},</if>
			<if test="rptYear != null and rptYear != ''">#{rptYear},</if>
			<if test="createTime != null and createTime != ''">#{createTime},</if>
         </trim>
    </insert>
	 
    <update id="updateOrderBoxDetail" parameterType="OrderBoxDetail">
        update as_order_box_detail
        <trim prefix="SET" suffixOverrides=",">
            <if test="detailId != null  and detailId != ''  ">detailId = #{detailId},</if>
            <if test="orderId != null  and orderId != ''  ">orderId = #{orderId},</if>
            <if test="siteId != null  and siteId != ''  ">siteId = #{siteId},</if>
            <if test="siteName != null  and siteName != ''  ">siteName = #{siteName},</if>
            <if test="corpId != null  and corpId != ''  ">corpId = #{corpId},</if>
            <if test="laneSId != null  and laneSId != ''  ">laneSId = #{laneSId},</if>
            <if test="productId != null  and productId != ''  ">productId = #{productId},</if>
            <if test="productTypeId != null  and productTypeId != ''  ">productTypeId = #{productTypeId},</if>
            <if test="buyPrice != null  ">buyPrice = #{buyPrice},</if>
            <if test="salePrice != null  ">salePrice = #{salePrice},</if>
            <if test="payPrice != null  ">payPrice = #{payPrice},</if>
            <if test="favPrice != null  ">favPrice = #{favPrice},</if>
            <if test="returnPrice != null  ">returnPrice = #{returnPrice},</if>
            <if test="profitMoney != null  ">profitMoney = #{profitMoney},</if>
            <if test="outState != null  and outState != ''  ">outState = #{outState},</if>
            <if test="rptTime != null  ">rptTime = #{rptTime},</if>
            <if test="rptDate != null  and rptDate != ''  ">rptDate = #{rptDate},</if>
            <if test="rptDay != null  and rptDay != ''  ">rptDay = #{rptDay},</if>
            <if test="rptWeek != null  and rptWeek != ''  ">rptWeek = #{rptWeek},</if>
            <if test="rptMonth != null  and rptMonth != ''  ">rptMonth = #{rptMonth},</if>
            <if test="rptYear != null  and rptYear != ''  ">rptYear = #{rptYear},</if>
            <if test="createTime != null  and createTime != ''  ">createTime = #{createTime},</if>
        </trim>
        where logid = #{logid}
    </update>

	<delete id="deleteOrderBoxDetailById" parameterType="String">
        delete from as_order_box_detail where logid = #{logid}
    </delete>
	
    <delete id="deleteOrderBoxDetailByIds" parameterType="String">
        delete from as_order_box_detail where logid in 
        <foreach item="logid" collection="array" open="(" separator="," close=")">
            #{logid}
        </foreach>
    </delete>
    
</mapper>