<?xml version="1.0" encoding="UTF-8" ?>
<!DOCTYPE mapper
PUBLIC "-//mybatis.org//DTD Mapper 3.0//EN"
"http://mybatis.org/dtd/mybatis-3-mapper.dtd">
<mapper namespace="com.manage.project.module.orderChange.mapper.OrderChangeMapper">
    
    <resultMap type="OrderChange" id="OrderChangeResult">
        <result property="logid"    column="logid"    />
        <result property="changeId"    column="changeId"    />
        <result property="corpId"    column="corpId"    />
        <result property="orderId"    column="orderId"    />
        <result property="operId"    column="operId"    />
        <result property="operName"    column="operName"    />
        <result property="siteId"    column="siteId"    />
        <result property="siteName"    column="siteName"    />
        <result property="operAction"    column="operAction"    />
        <result property="operTime"    column="operTime"    />
        <result property="operCont"    column="operCont"    />
        <result property="createTime"    column="createTime"    />
        <result property="pocState"    column="pocState"    />
        <result property="pocTimes"    column="pocTimes"    />
        <result property="pocResult"    column="pocResult"    />
    </resultMap>
	
	<sql id="selectOrderChangeVo">
        select logid, changeId, corpId, orderId, operId, operName, siteId, siteName, operAction, operTime, operCont, createTime, pocState, pocTimes, pocResult from as_order_change
    </sql>
	
    <select id="selectOrderChangeList" parameterType="OrderChange" resultMap="OrderChangeResult">
        <include refid="selectOrderChangeVo"/>
        <where>  
            <if test="logid != null and logid != ''"> and logid = #{logid}</if>
             <if test="changeId != null and changeId != ''"> and changeId = #{changeId}</if>
             <if test="corpId != null and corpId != ''"> and corpId = #{corpId}</if>
             <if test="orderId != null and orderId != ''"> and orderId = #{orderId}</if>
             <if test="operId != null and operId != ''"> and operId = #{operId}</if>
             <if test="operName != null and operName != ''"> and operName = #{operName}</if>
             <if test="siteId != null and siteId != ''"> and siteId = #{siteId}</if>
             <if test="siteName != null and siteName != ''"> and siteName = #{siteName}</if>
             <if test="operAction != null and operAction != ''"> and operAction = #{operAction}</if>
             <if test="operTime != null and operTime != ''"> and operTime = #{operTime}</if>
             <if test="operCont != null and operCont != ''"> and operCont = #{operCont}</if>
             <if test="createTime != null and createTime != ''"> and createTime = #{createTime}</if>
             <if test="pocState != null and pocState != ''"> and pocState = #{pocState}</if>
             <if test="pocTimes != null and pocTimes != ''"> and pocTimes = #{pocTimes}</if>
             <if test="pocResult != null and pocResult != ''"> and pocResult = #{pocResult}</if>
         </where>
    </select>
    
    <select id="selectOrderChangeById" parameterType="String" resultMap="OrderChangeResult">
        <include refid="selectOrderChangeVo"/>
        where logid = #{logid}
    </select>
        
    <insert id="insertOrderChange" parameterType="OrderChange">
        insert into as_order_change
		<trim prefix="(" suffix=")" suffixOverrides=",">
			<if test="logid != null and logid != '' ">logid,</if>
			<if test="changeId != null and changeId != '' ">changeId,</if>
			<if test="corpId != null and corpId != '' ">corpId,</if>
			<if test="orderId != null and orderId != '' ">orderId,</if>
			<if test="operId != null and operId != '' ">operId,</if>
			<if test="operName != null and operName != '' ">operName,</if>
			<if test="siteId != null and siteId != '' ">siteId,</if>
			<if test="siteName != null and siteName != '' ">siteName,</if>
			<if test="operAction != null and operAction != '' ">operAction,</if>
			<if test="operTime != null and operTime != '' ">operTime,</if>
			<if test="operCont != null and operCont != '' ">operCont,</if>
			<if test="createTime != null and createTime != '' ">createTime,</if>
			<if test="pocState != null and pocState != '' ">pocState,</if>
			<if test="pocTimes != null and pocTimes != '' ">pocTimes,</if>
			<if test="pocResult != null and pocResult != '' ">pocResult,</if>
         </trim>
        <trim prefix="values (" suffix=")" suffixOverrides=",">
			<if test="logid != null and logid != ''">#{logid},</if>
			<if test="changeId != null and changeId != ''">#{changeId},</if>
			<if test="corpId != null and corpId != ''">#{corpId},</if>
			<if test="orderId != null and orderId != ''">#{orderId},</if>
			<if test="operId != null and operId != ''">#{operId},</if>
			<if test="operName != null and operName != ''">#{operName},</if>
			<if test="siteId != null and siteId != ''">#{siteId},</if>
			<if test="siteName != null and siteName != ''">#{siteName},</if>
			<if test="operAction != null and operAction != ''">#{operAction},</if>
			<if test="operTime != null and operTime != ''">#{operTime},</if>
			<if test="operCont != null and operCont != ''">#{operCont},</if>
			<if test="createTime != null and createTime != ''">#{createTime},</if>
			<if test="pocState != null and pocState != ''">#{pocState},</if>
			<if test="pocTimes != null and pocTimes != ''">#{pocTimes},</if>
			<if test="pocResult != null and pocResult != ''">#{pocResult},</if>
         </trim>
    </insert>
	 
    <update id="updateOrderChange" parameterType="OrderChange">
        update as_order_change
        <trim prefix="SET" suffixOverrides=",">
            <if test="changeId != null  and changeId != ''  ">changeId = #{changeId},</if>
            <if test="corpId != null  and corpId != ''  ">corpId = #{corpId},</if>
            <if test="orderId != null  and orderId != ''  ">orderId = #{orderId},</if>
            <if test="operId != null  and operId != ''  ">operId = #{operId},</if>
            <if test="operName != null  and operName != ''  ">operName = #{operName},</if>
            <if test="siteId != null  and siteId != ''  ">siteId = #{siteId},</if>
            <if test="siteName != null  and siteName != ''  ">siteName = #{siteName},</if>
            <if test="operAction != null  and operAction != ''  ">operAction = #{operAction},</if>
            <if test="operTime != null  and operTime != ''  ">operTime = #{operTime},</if>
            <if test="operCont != null  and operCont != ''  ">operCont = #{operCont},</if>
            <if test="createTime != null  and createTime != ''  ">createTime = #{createTime},</if>
            <if test="pocState != null  and pocState != ''  ">pocState = #{pocState},</if>
            <if test="pocTimes != null  ">pocTimes = #{pocTimes},</if>
            <if test="pocResult != null  and pocResult != ''  ">pocResult = #{pocResult},</if>
        </trim>
        where logid = #{logid}
    </update>

	<delete id="deleteOrderChangeById" parameterType="String">
        delete from as_order_change where logid = #{logid}
    </delete>
	
    <delete id="deleteOrderChangeByIds" parameterType="String">
        delete from as_order_change where logid in 
        <foreach item="logid" collection="array" open="(" separator="," close=")">
            #{logid}
        </foreach>
    </delete>
    
</mapper>