<?xml version="1.0" encoding="UTF-8" ?>
<!DOCTYPE mapper
PUBLIC "-//mybatis.org//DTD Mapper 3.0//EN"
"http://mybatis.org/dtd/mybatis-3-mapper.dtd">
<mapper namespace="com.manage.project.module.productOnline.mapper.ProductOnlineMapper">
    
    <resultMap type="ProductOnline" id="ProductOnlineResult">
        <result property="logid"    column="logid"    />
        <result property="productId"    column="productId"    />
        <result property="name"    column="name"    />
        <result property="fullName"    column="fullName"    />
        <result property="typeId"    column="typeId"    />
        <result property="salePrice"    column="salePrice"    />
        <result property="bagType"    column="bagType"    />
        <result property="factoryName"    column="factoryName"    />
        <result property="corpId"    column="corpId"    />
        <result property="createTime"    column="createTime"    />
    </resultMap>
	
	<sql id="selectProductOnlineVo">
        select logid, productId, name, fullName, typeId, salePrice, bagType, factoryName, corpId, createTime from as_product_online
    </sql>
	
    <select id="selectProductOnlineList" parameterType="ProductOnline" resultMap="ProductOnlineResult">
        <include refid="selectProductOnlineVo"/>
        <where>  
            <if test="logid != null and logid != ''"> and logid = #{logid}</if>
             <if test="productId != null and productId != ''"> and productId = #{productId}</if>
             <if test="name != null and name != ''"> and name = #{name}</if>
             <if test="fullName != null and fullName != ''"> and fullName = #{fullName}</if>
             <if test="typeId != null and typeId != ''"> and typeId = #{typeId}</if>
             <if test="salePrice != null and salePrice != ''"> and salePrice = #{salePrice}</if>
             <if test="bagType != null and bagType != ''"> and bagType = #{bagType}</if>
             <if test="factoryName != null and factoryName != ''"> and factoryName = #{factoryName}</if>
             <if test="corpId != null and corpId != ''"> and corpId = #{corpId}</if>
             <if test="createTime != null and createTime != ''"> and createTime = #{createTime}</if>
         </where>
    </select>
    
    <select id="selectProductOnlineById" parameterType="String" resultMap="ProductOnlineResult">
        <include refid="selectProductOnlineVo"/>
        where logid = #{logid}
    </select>
        
    <insert id="insertProductOnline" parameterType="ProductOnline">
        insert into as_product_online
		<trim prefix="(" suffix=")" suffixOverrides=",">
			<if test="logid != null and logid != '' ">logid,</if>
			<if test="productId != null and productId != '' ">productId,</if>
			<if test="name != null and name != '' ">name,</if>
			<if test="fullName != null and fullName != '' ">fullName,</if>
			<if test="typeId != null and typeId != '' ">typeId,</if>
			<if test="salePrice != null and salePrice != '' ">salePrice,</if>
			<if test="bagType != null and bagType != '' ">bagType,</if>
			<if test="factoryName != null and factoryName != '' ">factoryName,</if>
			<if test="corpId != null and corpId != '' ">corpId,</if>
			<if test="createTime != null and createTime != '' ">createTime,</if>
         </trim>
        <trim prefix="values (" suffix=")" suffixOverrides=",">
			<if test="logid != null and logid != ''">#{logid},</if>
			<if test="productId != null and productId != ''">#{productId},</if>
			<if test="name != null and name != ''">#{name},</if>
			<if test="fullName != null and fullName != ''">#{fullName},</if>
			<if test="typeId != null and typeId != ''">#{typeId},</if>
			<if test="salePrice != null and salePrice != ''">#{salePrice},</if>
			<if test="bagType != null and bagType != ''">#{bagType},</if>
			<if test="factoryName != null and factoryName != ''">#{factoryName},</if>
			<if test="corpId != null and corpId != ''">#{corpId},</if>
			<if test="createTime != null and createTime != ''">#{createTime},</if>
         </trim>
    </insert>
	 
    <update id="updateProductOnline" parameterType="ProductOnline">
        update as_product_online
        <trim prefix="SET" suffixOverrides=",">
            <if test="productId != null  and productId != ''  ">productId = #{productId},</if>
            <if test="name != null  and name != ''  ">name = #{name},</if>
            <if test="fullName != null  and fullName != ''  ">fullName = #{fullName},</if>
            <if test="typeId != null  and typeId != ''  ">typeId = #{typeId},</if>
            <if test="salePrice != null  ">salePrice = #{salePrice},</if>
            <if test="bagType != null  and bagType != ''  ">bagType = #{bagType},</if>
            <if test="factoryName != null  and factoryName != ''  ">factoryName = #{factoryName},</if>
            <if test="corpId != null  and corpId != ''  ">corpId = #{corpId},</if>
            <if test="createTime != null  and createTime != ''  ">createTime = #{createTime},</if>
        </trim>
        where logid = #{logid}
    </update>

	<delete id="deleteProductOnlineById" parameterType="String">
        delete from as_product_online where logid = #{logid}
    </delete>
	
    <delete id="deleteProductOnlineByIds" parameterType="String">
        delete from as_product_online where logid in 
        <foreach item="logid" collection="array" open="(" separator="," close=")">
            #{logid}
        </foreach>
    </delete>
    
</mapper>