<?xml version="1.0" encoding="UTF-8" ?>
<!DOCTYPE mapper
PUBLIC "-//mybatis.org//DTD Mapper 3.0//EN"
"http://mybatis.org/dtd/mybatis-3-mapper.dtd">
<mapper namespace="com.manage.project.module.productLunder.mapper.ProductLunderMapper">
    
    <resultMap type="ProductLunder" id="ProductLunderResult">
        <result property="logid"    column="logid"    />
        <result property="lunderId"    column="lunderId"    />
        <result property="underId"    column="underId"    />
        <result property="districtId"    column="districtId"    />
        <result property="lineId"    column="lineId"    />
        <result property="pointId"    column="pointId"    />
        <result property="siteId"    column="siteId"    />
        <result property="siteName"    column="siteName"    />
        <result property="productId"    column="productId"    />
        <result property="underNum"    column="underNum"    />
        <result property="laneSId"    column="laneSId"    />
        <result property="laneEId"    column="laneEId"    />
        <result property="corpId"    column="corpId"    />
        <result property="createTime"    column="createTime"    />
    </resultMap>
	
	<sql id="selectProductLunderVo">
        select logid, lunderId, underId, districtId, lineId, pointId, siteId, siteName, productId, underNum, laneSId, laneEId, corpId, createTime from as_product_lunder
    </sql>
	
    <select id="selectProductLunderList" parameterType="ProductLunder" resultMap="ProductLunderResult">
        <include refid="selectProductLunderVo"/>
        <where>  
            <if test="logid != null and logid != ''"> and logid = #{logid}</if>
             <if test="lunderId != null and lunderId != ''"> and lunderId = #{lunderId}</if>
             <if test="underId != null and underId != ''"> and underId = #{underId}</if>
             <if test="districtId != null and districtId != ''"> and districtId = #{districtId}</if>
             <if test="lineId != null and lineId != ''"> and lineId = #{lineId}</if>
             <if test="pointId != null and pointId != ''"> and pointId = #{pointId}</if>
             <if test="siteId != null and siteId != ''"> and siteId = #{siteId}</if>
             <if test="siteName != null and siteName != ''"> and siteName = #{siteName}</if>
             <if test="productId != null and productId != ''"> and productId = #{productId}</if>
             <if test="underNum != null and underNum != ''"> and underNum = #{underNum}</if>
             <if test="laneSId != null and laneSId != ''"> and laneSId = #{laneSId}</if>
             <if test="laneEId != null and laneEId != ''"> and laneEId = #{laneEId}</if>
             <if test="corpId != null and corpId != ''"> and corpId = #{corpId}</if>
             <if test="createTime != null and createTime != ''"> and createTime = #{createTime}</if>
         </where>
    </select>
    
    <select id="selectProductLunderById" parameterType="String" resultMap="ProductLunderResult">
        <include refid="selectProductLunderVo"/>
        where logid = #{logid}
    </select>
        
    <insert id="insertProductLunder" parameterType="ProductLunder">
        insert into as_product_lunder
		<trim prefix="(" suffix=")" suffixOverrides=",">
			<if test="logid != null and logid != '' ">logid,</if>
			<if test="lunderId != null and lunderId != '' ">lunderId,</if>
			<if test="underId != null and underId != '' ">underId,</if>
			<if test="districtId != null and districtId != '' ">districtId,</if>
			<if test="lineId != null and lineId != '' ">lineId,</if>
			<if test="pointId != null and pointId != '' ">pointId,</if>
			<if test="siteId != null and siteId != '' ">siteId,</if>
			<if test="siteName != null and siteName != '' ">siteName,</if>
			<if test="productId != null and productId != '' ">productId,</if>
			<if test="underNum != null and underNum != '' ">underNum,</if>
			<if test="laneSId != null and laneSId != '' ">laneSId,</if>
			<if test="laneEId != null and laneEId != '' ">laneEId,</if>
			<if test="corpId != null and corpId != '' ">corpId,</if>
			<if test="createTime != null and createTime != '' ">createTime,</if>
         </trim>
        <trim prefix="values (" suffix=")" suffixOverrides=",">
			<if test="logid != null and logid != ''">#{logid},</if>
			<if test="lunderId != null and lunderId != ''">#{lunderId},</if>
			<if test="underId != null and underId != ''">#{underId},</if>
			<if test="districtId != null and districtId != ''">#{districtId},</if>
			<if test="lineId != null and lineId != ''">#{lineId},</if>
			<if test="pointId != null and pointId != ''">#{pointId},</if>
			<if test="siteId != null and siteId != ''">#{siteId},</if>
			<if test="siteName != null and siteName != ''">#{siteName},</if>
			<if test="productId != null and productId != ''">#{productId},</if>
			<if test="underNum != null and underNum != ''">#{underNum},</if>
			<if test="laneSId != null and laneSId != ''">#{laneSId},</if>
			<if test="laneEId != null and laneEId != ''">#{laneEId},</if>
			<if test="corpId != null and corpId != ''">#{corpId},</if>
			<if test="createTime != null and createTime != ''">#{createTime},</if>
         </trim>
    </insert>
	 
    <update id="updateProductLunder" parameterType="ProductLunder">
        update as_product_lunder
        <trim prefix="SET" suffixOverrides=",">
            <if test="lunderId != null  and lunderId != ''  ">lunderId = #{lunderId},</if>
            <if test="underId != null  and underId != ''  ">underId = #{underId},</if>
            <if test="districtId != null  and districtId != ''  ">districtId = #{districtId},</if>
            <if test="lineId != null  and lineId != ''  ">lineId = #{lineId},</if>
            <if test="pointId != null  and pointId != ''  ">pointId = #{pointId},</if>
            <if test="siteId != null  and siteId != ''  ">siteId = #{siteId},</if>
            <if test="siteName != null  and siteName != ''  ">siteName = #{siteName},</if>
            <if test="productId != null  and productId != ''  ">productId = #{productId},</if>
            <if test="underNum != null  ">underNum = #{underNum},</if>
            <if test="laneSId != null  ">laneSId = #{laneSId},</if>
            <if test="laneEId != null  ">laneEId = #{laneEId},</if>
            <if test="corpId != null  and corpId != ''  ">corpId = #{corpId},</if>
            <if test="createTime != null  and createTime != ''  ">createTime = #{createTime},</if>
        </trim>
        where logid = #{logid}
    </update>

	<delete id="deleteProductLunderById" parameterType="String">
        delete from as_product_lunder where logid = #{logid}
    </delete>
	
    <delete id="deleteProductLunderByIds" parameterType="String">
        delete from as_product_lunder where logid in 
        <foreach item="logid" collection="array" open="(" separator="," close=")">
            #{logid}
        </foreach>
    </delete>
    
</mapper>