<?xml version="1.0" encoding="UTF-8" ?>
<!DOCTYPE mapper
PUBLIC "-//mybatis.org//DTD Mapper 3.0//EN"
"http://mybatis.org/dtd/mybatis-3-mapper.dtd">
<mapper namespace="com.manage.project.module.productInfo.mapper.ProductInfoMapper">
    
    <resultMap type="ProductInfo" id="ProductInfoResult">
        <result property="logid"    column="logid"    />
        <result property="productId"    column="productId"    />
        <result property="productCode"    column="productCode"    />
        <result property="name"    column="name"    />
        <result property="fullName"    column="fullName"    />
        <result property="typeId"    column="typeId"    />
        <result property="salePrice"    column="salePrice"    />
        <result property="validTime"    column="validTime"    />
        <result property="bagType"    column="bagType"    />
        <result property="picJson"    column="picJson"    />
        <result property="factoryName"    column="factoryName"    />
        <result property="spec"    column="spec"    />
        <result property="nutrition"    column="nutrition"    />
        <result property="desOne"    column="desOne"    />
        <result property="desTwo"    column="desTwo"    />
        <result property="desThree"    column="desThree"    />
        <result property="corpId"    column="corpId"    />
        <result property="createTime"    column="createTime"    />
    </resultMap>
	
	<sql id="selectProductInfoVo">
        select logid, productId, productCode, name, fullName, typeId, salePrice, validTime, bagType, picJson, factoryName, spec, nutrition, desOne, desTwo, desThree, corpId, createTime from as_product_info
    </sql>
	
    <select id="selectProductInfoList" parameterType="ProductInfo" resultMap="ProductInfoResult">
        <include refid="selectProductInfoVo"/>
        <where>  
            <if test="logid != null and logid != ''"> and logid = #{logid}</if>
             <if test="productId != null and productId != ''"> and productId = #{productId}</if>
             <if test="productCode != null and productCode != ''"> and productCode = #{productCode}</if>
             <if test="name != null and name != ''"> and name = #{name}</if>
             <if test="fullName != null and fullName != ''"> and fullName = #{fullName}</if>
             <if test="typeId != null and typeId != ''"> and typeId = #{typeId}</if>
             <if test="salePrice != null and salePrice != ''"> and salePrice = #{salePrice}</if>
             <if test="validTime != null and validTime != ''"> and validTime = #{validTime}</if>
             <if test="bagType != null and bagType != ''"> and bagType = #{bagType}</if>
             <if test="picJson != null and picJson != ''"> and picJson = #{picJson}</if>
             <if test="factoryName != null and factoryName != ''"> and factoryName = #{factoryName}</if>
             <if test="spec != null and spec != ''"> and spec = #{spec}</if>
             <if test="nutrition != null and nutrition != ''"> and nutrition = #{nutrition}</if>
             <if test="desOne != null and desOne != ''"> and desOne = #{desOne}</if>
             <if test="desTwo != null and desTwo != ''"> and desTwo = #{desTwo}</if>
             <if test="desThree != null and desThree != ''"> and desThree = #{desThree}</if>
             <if test="corpId != null and corpId != ''"> and corpId = #{corpId}</if>
             <if test="createTime != null and createTime != ''"> and createTime = #{createTime}</if>
         </where>
    </select>
    
    <select id="selectProductInfoById" parameterType="String" resultMap="ProductInfoResult">
        <include refid="selectProductInfoVo"/>
        where logid = #{logid}
    </select>
        
    <insert id="insertProductInfo" parameterType="ProductInfo">
        insert into as_product_info
		<trim prefix="(" suffix=")" suffixOverrides=",">
			<if test="logid != null and logid != '' ">logid,</if>
			<if test="productId != null and productId != '' ">productId,</if>
			<if test="productCode != null and productCode != '' ">productCode,</if>
			<if test="name != null and name != '' ">name,</if>
			<if test="fullName != null and fullName != '' ">fullName,</if>
			<if test="typeId != null and typeId != '' ">typeId,</if>
			<if test="salePrice != null and salePrice != '' ">salePrice,</if>
			<if test="validTime != null and validTime != '' ">validTime,</if>
			<if test="bagType != null and bagType != '' ">bagType,</if>
			<if test="picJson != null and picJson != '' ">picJson,</if>
			<if test="factoryName != null and factoryName != '' ">factoryName,</if>
			<if test="spec != null and spec != '' ">spec,</if>
			<if test="nutrition != null and nutrition != '' ">nutrition,</if>
			<if test="desOne != null and desOne != '' ">desOne,</if>
			<if test="desTwo != null and desTwo != '' ">desTwo,</if>
			<if test="desThree != null and desThree != '' ">desThree,</if>
			<if test="corpId != null and corpId != '' ">corpId,</if>
			<if test="createTime != null and createTime != '' ">createTime,</if>
         </trim>
        <trim prefix="values (" suffix=")" suffixOverrides=",">
			<if test="logid != null and logid != ''">#{logid},</if>
			<if test="productId != null and productId != ''">#{productId},</if>
			<if test="productCode != null and productCode != ''">#{productCode},</if>
			<if test="name != null and name != ''">#{name},</if>
			<if test="fullName != null and fullName != ''">#{fullName},</if>
			<if test="typeId != null and typeId != ''">#{typeId},</if>
			<if test="salePrice != null and salePrice != ''">#{salePrice},</if>
			<if test="validTime != null and validTime != ''">#{validTime},</if>
			<if test="bagType != null and bagType != ''">#{bagType},</if>
			<if test="picJson != null and picJson != ''">#{picJson},</if>
			<if test="factoryName != null and factoryName != ''">#{factoryName},</if>
			<if test="spec != null and spec != ''">#{spec},</if>
			<if test="nutrition != null and nutrition != ''">#{nutrition},</if>
			<if test="desOne != null and desOne != ''">#{desOne},</if>
			<if test="desTwo != null and desTwo != ''">#{desTwo},</if>
			<if test="desThree != null and desThree != ''">#{desThree},</if>
			<if test="corpId != null and corpId != ''">#{corpId},</if>
			<if test="createTime != null and createTime != ''">#{createTime},</if>
         </trim>
    </insert>
	 
    <update id="updateProductInfo" parameterType="ProductInfo">
        update as_product_info
        <trim prefix="SET" suffixOverrides=",">
            <if test="productId != null  and productId != ''  ">productId = #{productId},</if>
            <if test="productCode != null  and productCode != ''  ">productCode = #{productCode},</if>
            <if test="name != null  and name != ''  ">name = #{name},</if>
            <if test="fullName != null  and fullName != ''  ">fullName = #{fullName},</if>
            <if test="typeId != null  and typeId != ''  ">typeId = #{typeId},</if>
            <if test="salePrice != null  ">salePrice = #{salePrice},</if>
            <if test="validTime != null  ">validTime = #{validTime},</if>
            <if test="bagType != null  and bagType != ''  ">bagType = #{bagType},</if>
            <if test="picJson != null  and picJson != ''  ">picJson = #{picJson},</if>
            <if test="factoryName != null  and factoryName != ''  ">factoryName = #{factoryName},</if>
            <if test="spec != null  and spec != ''  ">spec = #{spec},</if>
            <if test="nutrition != null  and nutrition != ''  ">nutrition = #{nutrition},</if>
            <if test="desOne != null  and desOne != ''  ">desOne = #{desOne},</if>
            <if test="desTwo != null  and desTwo != ''  ">desTwo = #{desTwo},</if>
            <if test="desThree != null  and desThree != ''  ">desThree = #{desThree},</if>
            <if test="corpId != null  and corpId != ''  ">corpId = #{corpId},</if>
            <if test="createTime != null  and createTime != ''  ">createTime = #{createTime},</if>
        </trim>
        where logid = #{logid}
    </update>

	<delete id="deleteProductInfoById" parameterType="String">
        delete from as_product_info where logid = #{logid}
    </delete>
	
    <delete id="deleteProductInfoByIds" parameterType="String">
        delete from as_product_info where logid in 
        <foreach item="logid" collection="array" open="(" separator="," close=")">
            #{logid}
        </foreach>
    </delete>
    
</mapper>