<?xml version="1.0" encoding="UTF-8" ?>
<!DOCTYPE mapper
PUBLIC "-//mybatis.org//DTD Mapper 3.0//EN"
"http://mybatis.org/dtd/mybatis-3-mapper.dtd">
<mapper namespace="com.manage.project.module.reportMsale.mapper.ReportMsaleMapper">
    
    <resultMap type="ReportMsale" id="ReportMsaleResult">
        <result property="logid"    column="logid"    />
        <result property="corpId"    column="corpId"    />
        <result property="syear"    column="syear"    />
        <result property="smonth"    column="smonth"    />
        <result property="saleNum"    column="saleNum"    />
        <result property="saleMoney"    column="saleMoney"    />
        <result property="profit"    column="profit"    />
        <result property="createTime"    column="createTime"    />
    </resultMap>
	
	<sql id="selectReportMsaleVo">
        select logid, corpId, syear, smonth, saleNum, saleMoney, profit, createTime from as_report_msale
    </sql>
	
    <select id="selectReportMsaleList" parameterType="ReportMsale" resultMap="ReportMsaleResult">
        <include refid="selectReportMsaleVo"/>
        <where>  
            <if test="logid != null and logid != ''"> and logid = #{logid}</if>
             <if test="corpId != null and corpId != ''"> and corpId = #{corpId}</if>
             <if test="syear != null and syear != ''"> and syear = #{syear}</if>
             <if test="smonth != null and smonth != ''"> and smonth = #{smonth}</if>
             <if test="saleNum != null and saleNum != ''"> and saleNum = #{saleNum}</if>
             <if test="saleMoney != null and saleMoney != ''"> and saleMoney = #{saleMoney}</if>
             <if test="profit != null and profit != ''"> and profit = #{profit}</if>
             <if test="createTime != null and createTime != ''"> and createTime = #{createTime}</if>
         </where>
    </select>
    
    <select id="selectReportMsaleById" parameterType="String" resultMap="ReportMsaleResult">
        <include refid="selectReportMsaleVo"/>
        where logid = #{logid}
    </select>
        
    <insert id="insertReportMsale" parameterType="ReportMsale">
        insert into as_report_msale
		<trim prefix="(" suffix=")" suffixOverrides=",">
			<if test="logid != null and logid != '' ">logid,</if>
			<if test="corpId != null and corpId != '' ">corpId,</if>
			<if test="syear != null and syear != '' ">syear,</if>
			<if test="smonth != null and smonth != '' ">smonth,</if>
			<if test="saleNum != null and saleNum != '' ">saleNum,</if>
			<if test="saleMoney != null and saleMoney != '' ">saleMoney,</if>
			<if test="profit != null and profit != '' ">profit,</if>
			<if test="createTime != null and createTime != '' ">createTime,</if>
         </trim>
        <trim prefix="values (" suffix=")" suffixOverrides=",">
			<if test="logid != null and logid != ''">#{logid},</if>
			<if test="corpId != null and corpId != ''">#{corpId},</if>
			<if test="syear != null and syear != ''">#{syear},</if>
			<if test="smonth != null and smonth != ''">#{smonth},</if>
			<if test="saleNum != null and saleNum != ''">#{saleNum},</if>
			<if test="saleMoney != null and saleMoney != ''">#{saleMoney},</if>
			<if test="profit != null and profit != ''">#{profit},</if>
			<if test="createTime != null and createTime != ''">#{createTime},</if>
         </trim>
    </insert>
	 
    <update id="updateReportMsale" parameterType="ReportMsale">
        update as_report_msale
        <trim prefix="SET" suffixOverrides=",">
            <if test="corpId != null  and corpId != ''  ">corpId = #{corpId},</if>
            <if test="syear != null  ">syear = #{syear},</if>
            <if test="smonth != null  ">smonth = #{smonth},</if>
            <if test="saleNum != null  ">saleNum = #{saleNum},</if>
            <if test="saleMoney != null  ">saleMoney = #{saleMoney},</if>
            <if test="profit != null  ">profit = #{profit},</if>
            <if test="createTime != null  and createTime != ''  ">createTime = #{createTime},</if>
        </trim>
        where logid = #{logid}
    </update>

	<delete id="deleteReportMsaleById" parameterType="String">
        delete from as_report_msale where logid = #{logid}
    </delete>
	
    <delete id="deleteReportMsaleByIds" parameterType="String">
        delete from as_report_msale where logid in 
        <foreach item="logid" collection="array" open="(" separator="," close=")">
            #{logid}
        </foreach>
    </delete>
    
</mapper>