<?xml version="1.0" encoding="UTF-8" ?>
<!DOCTYPE mapper
PUBLIC "-//mybatis.org//DTD Mapper 3.0//EN"
"http://mybatis.org/dtd/mybatis-3-mapper.dtd">
<mapper namespace="com.manage.project.module.reportDsale.mapper.ReportDsaleMapper">
    
    <resultMap type="ReportDsale" id="ReportDsaleResult">
        <result property="logid"    column="logid"    />
        <result property="corpId"    column="corpId"    />
        <result property="syear"    column="syear"    />
        <result property="smonth"    column="smonth"    />
        <result property="sday"    column="sday"    />
        <result property="stime"    column="stime"    />
        <result property="etime"    column="etime"    />
        <result property="saleNum"    column="saleNum"    />
        <result property="saleMoney"    column="saleMoney"    />
        <result property="profit"    column="profit"    />
        <result property="createTime"    column="createTime"    />
    </resultMap>
	
	<sql id="selectReportDsaleVo">
        select logid, corpId, syear, smonth, sday, stime, etime, saleNum, saleMoney, profit, createTime from as_report_dsale
    </sql>
	
    <select id="selectReportDsaleList" parameterType="ReportDsale" resultMap="ReportDsaleResult">
        <include refid="selectReportDsaleVo"/>
        <where>  
            <if test="logid != null and logid != ''"> and logid = #{logid}</if>
             <if test="corpId != null and corpId != ''"> and corpId = #{corpId}</if>
             <if test="syear != null and syear != ''"> and syear = #{syear}</if>
             <if test="smonth != null and smonth != ''"> and smonth = #{smonth}</if>
             <if test="sday != null and sday != ''"> and sday = #{sday}</if>
             <if test="stime != null and stime != ''"> and stime = #{stime}</if>
             <if test="etime != null and etime != ''"> and etime = #{etime}</if>
             <if test="saleNum != null and saleNum != ''"> and saleNum = #{saleNum}</if>
             <if test="saleMoney != null and saleMoney != ''"> and saleMoney = #{saleMoney}</if>
             <if test="profit != null and profit != ''"> and profit = #{profit}</if>
             <if test="createTime != null and createTime != ''"> and createTime = #{createTime}</if>
         </where>
    </select>
    
    <select id="selectReportDsaleById" parameterType="String" resultMap="ReportDsaleResult">
        <include refid="selectReportDsaleVo"/>
        where logid = #{logid}
    </select>
        
    <insert id="insertReportDsale" parameterType="ReportDsale">
        insert into as_report_dsale
		<trim prefix="(" suffix=")" suffixOverrides=",">
			<if test="logid != null and logid != '' ">logid,</if>
			<if test="corpId != null and corpId != '' ">corpId,</if>
			<if test="syear != null and syear != '' ">syear,</if>
			<if test="smonth != null and smonth != '' ">smonth,</if>
			<if test="sday != null and sday != '' ">sday,</if>
			<if test="stime != null and stime != '' ">stime,</if>
			<if test="etime != null and etime != '' ">etime,</if>
			<if test="saleNum != null and saleNum != '' ">saleNum,</if>
			<if test="saleMoney != null and saleMoney != '' ">saleMoney,</if>
			<if test="profit != null and profit != '' ">profit,</if>
			<if test="createTime != null and createTime != '' ">createTime,</if>
         </trim>
        <trim prefix="values (" suffix=")" suffixOverrides=",">
			<if test="logid != null and logid != ''">#{logid},</if>
			<if test="corpId != null and corpId != ''">#{corpId},</if>
			<if test="syear != null and syear != ''">#{syear},</if>
			<if test="smonth != null and smonth != ''">#{smonth},</if>
			<if test="sday != null and sday != ''">#{sday},</if>
			<if test="stime != null and stime != ''">#{stime},</if>
			<if test="etime != null and etime != ''">#{etime},</if>
			<if test="saleNum != null and saleNum != ''">#{saleNum},</if>
			<if test="saleMoney != null and saleMoney != ''">#{saleMoney},</if>
			<if test="profit != null and profit != ''">#{profit},</if>
			<if test="createTime != null and createTime != ''">#{createTime},</if>
         </trim>
    </insert>
	 
    <update id="updateReportDsale" parameterType="ReportDsale">
        update as_report_dsale
        <trim prefix="SET" suffixOverrides=",">
            <if test="corpId != null  and corpId != ''  ">corpId = #{corpId},</if>
            <if test="syear != null  ">syear = #{syear},</if>
            <if test="smonth != null  ">smonth = #{smonth},</if>
            <if test="sday != null  ">sday = #{sday},</if>
            <if test="stime != null  and stime != ''  ">stime = #{stime},</if>
            <if test="etime != null  and etime != ''  ">etime = #{etime},</if>
            <if test="saleNum != null  ">saleNum = #{saleNum},</if>
            <if test="saleMoney != null  ">saleMoney = #{saleMoney},</if>
            <if test="profit != null  ">profit = #{profit},</if>
            <if test="createTime != null  and createTime != ''  ">createTime = #{createTime},</if>
        </trim>
        where logid = #{logid}
    </update>

	<delete id="deleteReportDsaleById" parameterType="String">
        delete from as_report_dsale where logid = #{logid}
    </delete>
	
    <delete id="deleteReportDsaleByIds" parameterType="String">
        delete from as_report_dsale where logid in 
        <foreach item="logid" collection="array" open="(" separator="," close=")">
            #{logid}
        </foreach>
    </delete>
    
</mapper>