<?xml version="1.0" encoding="UTF-8" ?>
<!DOCTYPE mapper
PUBLIC "-//mybatis.org//DTD Mapper 3.0//EN"
"http://mybatis.org/dtd/mybatis-3-mapper.dtd">
<mapper namespace="com.manage.project.module.reportOsale.mapper.ReportOsaleMapper">
    
    <resultMap type="ReportOsale" id="ReportOsaleResult">
        <result property="logid"    column="logid"    />
        <result property="corpId"    column="corpId"    />
        <result property="syear"    column="syear"    />
        <result property="smonth"    column="smonth"    />
        <result property="sDay"    column="sDay"    />
        <result property="saleType"    column="saleType"    />
        <result property="saleId"    column="saleId"    />
        <result property="saleName"    column="saleName"    />
        <result property="saleNum"    column="saleNum"    />
        <result property="saleMoney"    column="saleMoney"    />
        <result property="profit"    column="profit"    />
        <result property="createTime"    column="createTime"    />
    </resultMap>
	
	<sql id="selectReportOsaleVo">
        select logid, corpId, syear, smonth, sDay, saleType, saleId, saleName, saleNum, saleMoney, profit, createTime from as_report_osale
    </sql>
	
    <select id="selectReportOsaleList" parameterType="ReportOsale" resultMap="ReportOsaleResult">
        <include refid="selectReportOsaleVo"/>
        <where>  
            <if test="logid != null and logid != ''"> and logid = #{logid}</if>
             <if test="corpId != null and corpId != ''"> and corpId = #{corpId}</if>
             <if test="syear != null and syear != ''"> and syear = #{syear}</if>
             <if test="smonth != null and smonth != ''"> and smonth = #{smonth}</if>
             <if test="sDay != null and sDay != ''"> and sDay = #{sDay}</if>
             <if test="saleType != null and saleType != ''"> and saleType = #{saleType}</if>
             <if test="saleId != null and saleId != ''"> and saleId = #{saleId}</if>
             <if test="saleName != null and saleName != ''"> and saleName = #{saleName}</if>
             <if test="saleNum != null and saleNum != ''"> and saleNum = #{saleNum}</if>
             <if test="saleMoney != null and saleMoney != ''"> and saleMoney = #{saleMoney}</if>
             <if test="profit != null and profit != ''"> and profit = #{profit}</if>
             <if test="createTime != null and createTime != ''"> and createTime = #{createTime}</if>
         </where>
    </select>
    
    <select id="selectReportOsaleById" parameterType="String" resultMap="ReportOsaleResult">
        <include refid="selectReportOsaleVo"/>
        where logid = #{logid}
    </select>
        
    <insert id="insertReportOsale" parameterType="ReportOsale">
        insert into as_report_osale
		<trim prefix="(" suffix=")" suffixOverrides=",">
			<if test="logid != null and logid != '' ">logid,</if>
			<if test="corpId != null and corpId != '' ">corpId,</if>
			<if test="syear != null and syear != '' ">syear,</if>
			<if test="smonth != null and smonth != '' ">smonth,</if>
			<if test="sDay != null and sDay != '' ">sDay,</if>
			<if test="saleType != null and saleType != '' ">saleType,</if>
			<if test="saleId != null and saleId != '' ">saleId,</if>
			<if test="saleName != null and saleName != '' ">saleName,</if>
			<if test="saleNum != null and saleNum != '' ">saleNum,</if>
			<if test="saleMoney != null and saleMoney != '' ">saleMoney,</if>
			<if test="profit != null and profit != '' ">profit,</if>
			<if test="createTime != null and createTime != '' ">createTime,</if>
         </trim>
        <trim prefix="values (" suffix=")" suffixOverrides=",">
			<if test="logid != null and logid != ''">#{logid},</if>
			<if test="corpId != null and corpId != ''">#{corpId},</if>
			<if test="syear != null and syear != ''">#{syear},</if>
			<if test="smonth != null and smonth != ''">#{smonth},</if>
			<if test="sDay != null and sDay != ''">#{sDay},</if>
			<if test="saleType != null and saleType != ''">#{saleType},</if>
			<if test="saleId != null and saleId != ''">#{saleId},</if>
			<if test="saleName != null and saleName != ''">#{saleName},</if>
			<if test="saleNum != null and saleNum != ''">#{saleNum},</if>
			<if test="saleMoney != null and saleMoney != ''">#{saleMoney},</if>
			<if test="profit != null and profit != ''">#{profit},</if>
			<if test="createTime != null and createTime != ''">#{createTime},</if>
         </trim>
    </insert>
	 
    <update id="updateReportOsale" parameterType="ReportOsale">
        update as_report_osale
        <trim prefix="SET" suffixOverrides=",">
            <if test="corpId != null  and corpId != ''  ">corpId = #{corpId},</if>
            <if test="syear != null  ">syear = #{syear},</if>
            <if test="smonth != null  ">smonth = #{smonth},</if>
            <if test="sDay != null  ">sDay = #{sDay},</if>
            <if test="saleType != null  and saleType != ''  ">saleType = #{saleType},</if>
            <if test="saleId != null  and saleId != ''  ">saleId = #{saleId},</if>
            <if test="saleName != null  and saleName != ''  ">saleName = #{saleName},</if>
            <if test="saleNum != null  ">saleNum = #{saleNum},</if>
            <if test="saleMoney != null  ">saleMoney = #{saleMoney},</if>
            <if test="profit != null  ">profit = #{profit},</if>
            <if test="createTime != null  and createTime != ''  ">createTime = #{createTime},</if>
        </trim>
        where logid = #{logid}
    </update>

	<delete id="deleteReportOsaleById" parameterType="String">
        delete from as_report_osale where logid = #{logid}
    </delete>
	
    <delete id="deleteReportOsaleByIds" parameterType="String">
        delete from as_report_osale where logid in 
        <foreach item="logid" collection="array" open="(" separator="," close=")">
            #{logid}
        </foreach>
    </delete>
    
</mapper>