<?xml version="1.0" encoding="UTF-8" ?>
<!DOCTYPE mapper
PUBLIC "-//mybatis.org//DTD Mapper 3.0//EN"
"http://mybatis.org/dtd/mybatis-3-mapper.dtd">
<mapper namespace="com.manage.project.module.reportBoard.mapper.ReportBoardMapper">
    
    <resultMap type="ReportBoard" id="ReportBoardResult">
        <result property="logid"    column="logid"    />
        <result property="corpId"    column="corpId"    />
        <result property="onlineNum"    column="onlineNum"    />
        <result property="offlineNum"    column="offlineNum"    />
        <result property="offlineDayNum"    column="offlineDayNum"    />
        <result property="saleNum"    column="saleNum"    />
        <result property="saleMoney"    column="saleMoney"    />
        <result property="profit"    column="profit"    />
        <result property="vendingCost"    column="vendingCost"    />
        <result property="productCost"    column="productCost"    />
        <result property="createTime"    column="createTime"    />
    </resultMap>
	
	<sql id="selectReportBoardVo">
        select logid, corpId, onlineNum, offlineNum, offlineDayNum, saleNum, saleMoney, profit, vendingCost, productCost, createTime from as_report_board
    </sql>
	
    <select id="selectReportBoardList" parameterType="ReportBoard" resultMap="ReportBoardResult">
        <include refid="selectReportBoardVo"/>
        <where>  
            <if test="logid != null and logid != ''"> and logid = #{logid}</if>
             <if test="corpId != null and corpId != ''"> and corpId = #{corpId}</if>
             <if test="onlineNum != null and onlineNum != ''"> and onlineNum = #{onlineNum}</if>
             <if test="offlineNum != null and offlineNum != ''"> and offlineNum = #{offlineNum}</if>
             <if test="offlineDayNum != null and offlineDayNum != ''"> and offlineDayNum = #{offlineDayNum}</if>
             <if test="saleNum != null and saleNum != ''"> and saleNum = #{saleNum}</if>
             <if test="saleMoney != null and saleMoney != ''"> and saleMoney = #{saleMoney}</if>
             <if test="profit != null and profit != ''"> and profit = #{profit}</if>
             <if test="vendingCost != null and vendingCost != ''"> and vendingCost = #{vendingCost}</if>
             <if test="productCost != null and productCost != ''"> and productCost = #{productCost}</if>
             <if test="createTime != null and createTime != ''"> and createTime = #{createTime}</if>
         </where>
    </select>
    
    <select id="selectReportBoardById" parameterType="String" resultMap="ReportBoardResult">
        <include refid="selectReportBoardVo"/>
        where logid = #{logid}
    </select>
        
    <insert id="insertReportBoard" parameterType="ReportBoard">
        insert into as_report_board
		<trim prefix="(" suffix=")" suffixOverrides=",">
			<if test="logid != null and logid != '' ">logid,</if>
			<if test="corpId != null and corpId != '' ">corpId,</if>
			<if test="onlineNum != null and onlineNum != '' ">onlineNum,</if>
			<if test="offlineNum != null and offlineNum != '' ">offlineNum,</if>
			<if test="offlineDayNum != null and offlineDayNum != '' ">offlineDayNum,</if>
			<if test="saleNum != null and saleNum != '' ">saleNum,</if>
			<if test="saleMoney != null and saleMoney != '' ">saleMoney,</if>
			<if test="profit != null and profit != '' ">profit,</if>
			<if test="vendingCost != null and vendingCost != '' ">vendingCost,</if>
			<if test="productCost != null and productCost != '' ">productCost,</if>
			<if test="createTime != null and createTime != '' ">createTime,</if>
         </trim>
        <trim prefix="values (" suffix=")" suffixOverrides=",">
			<if test="logid != null and logid != ''">#{logid},</if>
			<if test="corpId != null and corpId != ''">#{corpId},</if>
			<if test="onlineNum != null and onlineNum != ''">#{onlineNum},</if>
			<if test="offlineNum != null and offlineNum != ''">#{offlineNum},</if>
			<if test="offlineDayNum != null and offlineDayNum != ''">#{offlineDayNum},</if>
			<if test="saleNum != null and saleNum != ''">#{saleNum},</if>
			<if test="saleMoney != null and saleMoney != ''">#{saleMoney},</if>
			<if test="profit != null and profit != ''">#{profit},</if>
			<if test="vendingCost != null and vendingCost != ''">#{vendingCost},</if>
			<if test="productCost != null and productCost != ''">#{productCost},</if>
			<if test="createTime != null and createTime != ''">#{createTime},</if>
         </trim>
    </insert>
	 
    <update id="updateReportBoard" parameterType="ReportBoard">
        update as_report_board
        <trim prefix="SET" suffixOverrides=",">
            <if test="corpId != null  and corpId != ''  ">corpId = #{corpId},</if>
            <if test="onlineNum != null  ">onlineNum = #{onlineNum},</if>
            <if test="offlineNum != null  ">offlineNum = #{offlineNum},</if>
            <if test="offlineDayNum != null  ">offlineDayNum = #{offlineDayNum},</if>
            <if test="saleNum != null  ">saleNum = #{saleNum},</if>
            <if test="saleMoney != null  ">saleMoney = #{saleMoney},</if>
            <if test="profit != null  ">profit = #{profit},</if>
            <if test="vendingCost != null  ">vendingCost = #{vendingCost},</if>
            <if test="productCost != null  ">productCost = #{productCost},</if>
            <if test="createTime != null  and createTime != ''  ">createTime = #{createTime},</if>
        </trim>
        where logid = #{logid}
    </update>

	<delete id="deleteReportBoardById" parameterType="String">
        delete from as_report_board where logid = #{logid}
    </delete>
	
    <delete id="deleteReportBoardByIds" parameterType="String">
        delete from as_report_board where logid in 
        <foreach item="logid" collection="array" open="(" separator="," close=")">
            #{logid}
        </foreach>
    </delete>
    
</mapper>