<?xml version="1.0" encoding="UTF-8" ?>
<!DOCTYPE mapper
PUBLIC "-//mybatis.org//DTD Mapper 3.0//EN"
"http://mybatis.org/dtd/mybatis-3-mapper.dtd">
<mapper namespace="com.manage.project.module.statementSupply.mapper.StatementSupplyMapper">
    
    <resultMap type="StatementSupply" id="StatementSupplyResult">
        <result property="logid"    column="logid"    />
        <result property="sOrderId"    column="sOrderId"    />
        <result property="siteId"    column="siteId"    />
        <result property="corpId"    column="corpId"    />
        <result property="name"    column="name"    />
        <result property="districtId"    column="districtId"    />
        <result property="lineId"    column="lineId"    />
        <result property="wmId"    column="wmId"    />
        <result property="tradeSTime"    column="tradeSTime"    />
        <result property="tradeEtime"    column="tradeEtime"    />
        <result property="supplyNum"    column="supplyNum"    />
        <result property="saleNum"    column="saleNum"    />
        <result property="underNum"    column="underNum"    />
        <result property="abnomarlNum"    column="abnomarlNum"    />
        <result property="buyMoney"    column="buyMoney"    />
        <result property="salePMoney"    column="salePMoney"    />
        <result property="saleRMoney"    column="saleRMoney"    />
        <result property="saleFMoney"    column="saleFMoney"    />
        <result property="saleUMoney"    column="saleUMoney"    />
        <result property="abnomarlMoney"    column="abnomarlMoney"    />
        <result property="salteState"    column="salteState"    />
        <result property="statementState"    column="statementState"    />
        <result property="curState"    column="curState"    />
        <result property="sbalanceId"    column="sbalanceId"    />
        <result property="createTime"    column="createTime"    />
    </resultMap>
	
	<sql id="selectStatementSupplyVo">
        select logid, sOrderId, siteId, corpId, name, districtId, lineId, wmId, tradeSTime, tradeEtime, supplyNum, saleNum, underNum, abnomarlNum, buyMoney, salePMoney, saleRMoney, saleFMoney, saleUMoney, abnomarlMoney, salteState, statementState, curState, sbalanceId, createTime from as_statement_supply
    </sql>
	
    <select id="selectStatementSupplyList" parameterType="StatementSupply" resultMap="StatementSupplyResult">
        <include refid="selectStatementSupplyVo"/>
        <where>  
            <if test="logid != null and logid != ''"> and logid = #{logid}</if>
             <if test="sOrderId != null and sOrderId != ''"> and sOrderId = #{sOrderId}</if>
             <if test="siteId != null and siteId != ''"> and siteId = #{siteId}</if>
             <if test="corpId != null and corpId != ''"> and corpId = #{corpId}</if>
             <if test="name != null and name != ''"> and name = #{name}</if>
             <if test="districtId != null and districtId != ''"> and districtId = #{districtId}</if>
             <if test="lineId != null and lineId != ''"> and lineId = #{lineId}</if>
             <if test="wmId != null and wmId != ''"> and wmId = #{wmId}</if>
             <if test="tradeSTime != null and tradeSTime != ''"> and tradeSTime = #{tradeSTime}</if>
             <if test="tradeEtime != null and tradeEtime != ''"> and tradeEtime = #{tradeEtime}</if>
             <if test="supplyNum != null and supplyNum != ''"> and supplyNum = #{supplyNum}</if>
             <if test="saleNum != null and saleNum != ''"> and saleNum = #{saleNum}</if>
             <if test="underNum != null and underNum != ''"> and underNum = #{underNum}</if>
             <if test="abnomarlNum != null and abnomarlNum != ''"> and abnomarlNum = #{abnomarlNum}</if>
             <if test="buyMoney != null and buyMoney != ''"> and buyMoney = #{buyMoney}</if>
             <if test="salePMoney != null and salePMoney != ''"> and salePMoney = #{salePMoney}</if>
             <if test="saleRMoney != null and saleRMoney != ''"> and saleRMoney = #{saleRMoney}</if>
             <if test="saleFMoney != null and saleFMoney != ''"> and saleFMoney = #{saleFMoney}</if>
             <if test="saleUMoney != null and saleUMoney != ''"> and saleUMoney = #{saleUMoney}</if>
             <if test="abnomarlMoney != null and abnomarlMoney != ''"> and abnomarlMoney = #{abnomarlMoney}</if>
             <if test="salteState != null and salteState != ''"> and salteState = #{salteState}</if>
             <if test="statementState != null and statementState != ''"> and statementState = #{statementState}</if>
             <if test="curState != null and curState != ''"> and curState = #{curState}</if>
             <if test="sbalanceId != null and sbalanceId != ''"> and sbalanceId = #{sbalanceId}</if>
             <if test="createTime != null and createTime != ''"> and createTime = #{createTime}</if>
         </where>
    </select>
    
    <select id="selectStatementSupplyById" parameterType="String" resultMap="StatementSupplyResult">
        <include refid="selectStatementSupplyVo"/>
        where logid = #{logid}
    </select>
        
    <insert id="insertStatementSupply" parameterType="StatementSupply">
        insert into as_statement_supply
		<trim prefix="(" suffix=")" suffixOverrides=",">
			<if test="logid != null and logid != '' ">logid,</if>
			<if test="sOrderId != null and sOrderId != '' ">sOrderId,</if>
			<if test="siteId != null and siteId != '' ">siteId,</if>
			<if test="corpId != null and corpId != '' ">corpId,</if>
			<if test="name != null and name != '' ">name,</if>
			<if test="districtId != null and districtId != '' ">districtId,</if>
			<if test="lineId != null and lineId != '' ">lineId,</if>
			<if test="wmId != null and wmId != '' ">wmId,</if>
			<if test="tradeSTime != null and tradeSTime != '' ">tradeSTime,</if>
			<if test="tradeEtime != null and tradeEtime != '' ">tradeEtime,</if>
			<if test="supplyNum != null and supplyNum != '' ">supplyNum,</if>
			<if test="saleNum != null and saleNum != '' ">saleNum,</if>
			<if test="underNum != null and underNum != '' ">underNum,</if>
			<if test="abnomarlNum != null and abnomarlNum != '' ">abnomarlNum,</if>
			<if test="buyMoney != null and buyMoney != '' ">buyMoney,</if>
			<if test="salePMoney != null and salePMoney != '' ">salePMoney,</if>
			<if test="saleRMoney != null and saleRMoney != '' ">saleRMoney,</if>
			<if test="saleFMoney != null and saleFMoney != '' ">saleFMoney,</if>
			<if test="saleUMoney != null and saleUMoney != '' ">saleUMoney,</if>
			<if test="abnomarlMoney != null and abnomarlMoney != '' ">abnomarlMoney,</if>
			<if test="salteState != null and salteState != '' ">salteState,</if>
			<if test="statementState != null and statementState != '' ">statementState,</if>
			<if test="curState != null and curState != '' ">curState,</if>
			<if test="sbalanceId != null and sbalanceId != '' ">sbalanceId,</if>
			<if test="createTime != null and createTime != '' ">createTime,</if>
         </trim>
        <trim prefix="values (" suffix=")" suffixOverrides=",">
			<if test="logid != null and logid != ''">#{logid},</if>
			<if test="sOrderId != null and sOrderId != ''">#{sOrderId},</if>
			<if test="siteId != null and siteId != ''">#{siteId},</if>
			<if test="corpId != null and corpId != ''">#{corpId},</if>
			<if test="name != null and name != ''">#{name},</if>
			<if test="districtId != null and districtId != ''">#{districtId},</if>
			<if test="lineId != null and lineId != ''">#{lineId},</if>
			<if test="wmId != null and wmId != ''">#{wmId},</if>
			<if test="tradeSTime != null and tradeSTime != ''">#{tradeSTime},</if>
			<if test="tradeEtime != null and tradeEtime != ''">#{tradeEtime},</if>
			<if test="supplyNum != null and supplyNum != ''">#{supplyNum},</if>
			<if test="saleNum != null and saleNum != ''">#{saleNum},</if>
			<if test="underNum != null and underNum != ''">#{underNum},</if>
			<if test="abnomarlNum != null and abnomarlNum != ''">#{abnomarlNum},</if>
			<if test="buyMoney != null and buyMoney != ''">#{buyMoney},</if>
			<if test="salePMoney != null and salePMoney != ''">#{salePMoney},</if>
			<if test="saleRMoney != null and saleRMoney != ''">#{saleRMoney},</if>
			<if test="saleFMoney != null and saleFMoney != ''">#{saleFMoney},</if>
			<if test="saleUMoney != null and saleUMoney != ''">#{saleUMoney},</if>
			<if test="abnomarlMoney != null and abnomarlMoney != ''">#{abnomarlMoney},</if>
			<if test="salteState != null and salteState != ''">#{salteState},</if>
			<if test="statementState != null and statementState != ''">#{statementState},</if>
			<if test="curState != null and curState != ''">#{curState},</if>
			<if test="sbalanceId != null and sbalanceId != ''">#{sbalanceId},</if>
			<if test="createTime != null and createTime != ''">#{createTime},</if>
         </trim>
    </insert>
	 
    <update id="updateStatementSupply" parameterType="StatementSupply">
        update as_statement_supply
        <trim prefix="SET" suffixOverrides=",">
            <if test="sOrderId != null  and sOrderId != ''  ">sOrderId = #{sOrderId},</if>
            <if test="siteId != null  and siteId != ''  ">siteId = #{siteId},</if>
            <if test="corpId != null  and corpId != ''  ">corpId = #{corpId},</if>
            <if test="name != null  and name != ''  ">name = #{name},</if>
            <if test="districtId != null  and districtId != ''  ">districtId = #{districtId},</if>
            <if test="lineId != null  and lineId != ''  ">lineId = #{lineId},</if>
            <if test="wmId != null  and wmId != ''  ">wmId = #{wmId},</if>
            <if test="tradeSTime != null  and tradeSTime != ''  ">tradeSTime = #{tradeSTime},</if>
            <if test="tradeEtime != null  and tradeEtime != ''  ">tradeEtime = #{tradeEtime},</if>
            <if test="supplyNum != null  ">supplyNum = #{supplyNum},</if>
            <if test="saleNum != null  ">saleNum = #{saleNum},</if>
            <if test="underNum != null  ">underNum = #{underNum},</if>
            <if test="abnomarlNum != null  ">abnomarlNum = #{abnomarlNum},</if>
            <if test="buyMoney != null  ">buyMoney = #{buyMoney},</if>
            <if test="salePMoney != null  ">salePMoney = #{salePMoney},</if>
            <if test="saleRMoney != null  ">saleRMoney = #{saleRMoney},</if>
            <if test="saleFMoney != null  ">saleFMoney = #{saleFMoney},</if>
            <if test="saleUMoney != null  ">saleUMoney = #{saleUMoney},</if>
            <if test="abnomarlMoney != null  ">abnomarlMoney = #{abnomarlMoney},</if>
            <if test="salteState != null  and salteState != ''  ">salteState = #{salteState},</if>
            <if test="statementState != null  and statementState != ''  ">statementState = #{statementState},</if>
            <if test="curState != null  and curState != ''  ">curState = #{curState},</if>
            <if test="sbalanceId != null  and sbalanceId != ''  ">sbalanceId = #{sbalanceId},</if>
            <if test="createTime != null  and createTime != ''  ">createTime = #{createTime},</if>
        </trim>
        where logid = #{logid}
    </update>

	<delete id="deleteStatementSupplyById" parameterType="String">
        delete from as_statement_supply where logid = #{logid}
    </delete>
	
    <delete id="deleteStatementSupplyByIds" parameterType="String">
        delete from as_statement_supply where logid in 
        <foreach item="logid" collection="array" open="(" separator="," close=")">
            #{logid}
        </foreach>
    </delete>
    
</mapper>