<?xml version="1.0" encoding="UTF-8" ?>
<!DOCTYPE mapper
PUBLIC "-//mybatis.org//DTD Mapper 3.0//EN"
"http://mybatis.org/dtd/mybatis-3-mapper.dtd">
<mapper namespace="com.manage.project.module.statementProduct.mapper.StatementProductMapper">
    
    <resultMap type="StatementProduct" id="StatementProductResult">
        <result property="logid"    column="logid"    />
        <result property="statementPid"    column="statementPid"    />
        <result property="productId"    column="productId"    />
        <result property="orderId"    column="orderId"    />
        <result property="proboxId"    column="proboxId"    />
        <result property="siteId"    column="siteId"    />
        <result property="laneSId"    column="laneSId"    />
        <result property="laneEId"    column="laneEId"    />
        <result property="seqId"    column="seqId"    />
        <result property="outType"    column="outType"    />
        <result property="payType"    column="payType"    />
        <result property="tradeNo"    column="tradeNo"    />
        <result property="buyMoney"    column="buyMoney"    />
        <result property="salePMoney"    column="salePMoney"    />
        <result property="saleRMoney"    column="saleRMoney"    />
        <result property="saleFMoney"    column="saleFMoney"    />
        <result property="saleReturn"    column="saleReturn"    />
        <result property="pTradeNo"    column="pTradeNo"    />
        <result property="rTradeNo"    column="rTradeNo"    />
        <result property="curState"    column="curState"    />
        <result property="abnomarlMoney"    column="abnomarlMoney"    />
        <result property="corpId"    column="corpId"    />
        <result property="createTime"    column="createTime"    />
    </resultMap>
	
	<sql id="selectStatementProductVo">
        select logid, statementPid, productId, orderId, proboxId, siteId, laneSId, laneEId, seqId, outType, payType, tradeNo, buyMoney, salePMoney, saleRMoney, saleFMoney, saleReturn, pTradeNo, rTradeNo, curState, abnomarlMoney, corpId, createTime from as_statement_product
    </sql>
	
    <select id="selectStatementProductList" parameterType="StatementProduct" resultMap="StatementProductResult">
        <include refid="selectStatementProductVo"/>
        <where>  
            <if test="logid != null and logid != ''"> and logid = #{logid}</if>
             <if test="statementPid != null and statementPid != ''"> and statementPid = #{statementPid}</if>
             <if test="productId != null and productId != ''"> and productId = #{productId}</if>
             <if test="orderId != null and orderId != ''"> and orderId = #{orderId}</if>
             <if test="proboxId != null and proboxId != ''"> and proboxId = #{proboxId}</if>
             <if test="siteId != null and siteId != ''"> and siteId = #{siteId}</if>
             <if test="laneSId != null and laneSId != ''"> and laneSId = #{laneSId}</if>
             <if test="laneEId != null and laneEId != ''"> and laneEId = #{laneEId}</if>
             <if test="seqId != null and seqId != ''"> and seqId = #{seqId}</if>
             <if test="outType != null and outType != ''"> and outType = #{outType}</if>
             <if test="payType != null and payType != ''"> and payType = #{payType}</if>
             <if test="tradeNo != null and tradeNo != ''"> and tradeNo = #{tradeNo}</if>
             <if test="buyMoney != null and buyMoney != ''"> and buyMoney = #{buyMoney}</if>
             <if test="salePMoney != null and salePMoney != ''"> and salePMoney = #{salePMoney}</if>
             <if test="saleRMoney != null and saleRMoney != ''"> and saleRMoney = #{saleRMoney}</if>
             <if test="saleFMoney != null and saleFMoney != ''"> and saleFMoney = #{saleFMoney}</if>
             <if test="saleReturn != null and saleReturn != ''"> and saleReturn = #{saleReturn}</if>
             <if test="pTradeNo != null and pTradeNo != ''"> and pTradeNo = #{pTradeNo}</if>
             <if test="rTradeNo != null and rTradeNo != ''"> and rTradeNo = #{rTradeNo}</if>
             <if test="curState != null and curState != ''"> and curState = #{curState}</if>
             <if test="abnomarlMoney != null and abnomarlMoney != ''"> and abnomarlMoney = #{abnomarlMoney}</if>
             <if test="corpId != null and corpId != ''"> and corpId = #{corpId}</if>
             <if test="createTime != null and createTime != ''"> and createTime = #{createTime}</if>
         </where>
    </select>
    
    <select id="selectStatementProductById" parameterType="String" resultMap="StatementProductResult">
        <include refid="selectStatementProductVo"/>
        where logid = #{logid}
    </select>
        
    <insert id="insertStatementProduct" parameterType="StatementProduct">
        insert into as_statement_product
		<trim prefix="(" suffix=")" suffixOverrides=",">
			<if test="logid != null and logid != '' ">logid,</if>
			<if test="statementPid != null and statementPid != '' ">statementPid,</if>
			<if test="productId != null and productId != '' ">productId,</if>
			<if test="orderId != null and orderId != '' ">orderId,</if>
			<if test="proboxId != null and proboxId != '' ">proboxId,</if>
			<if test="siteId != null and siteId != '' ">siteId,</if>
			<if test="laneSId != null and laneSId != '' ">laneSId,</if>
			<if test="laneEId != null and laneEId != '' ">laneEId,</if>
			<if test="seqId != null and seqId != '' ">seqId,</if>
			<if test="outType != null and outType != '' ">outType,</if>
			<if test="payType != null and payType != '' ">payType,</if>
			<if test="tradeNo != null and tradeNo != '' ">tradeNo,</if>
			<if test="buyMoney != null and buyMoney != '' ">buyMoney,</if>
			<if test="salePMoney != null and salePMoney != '' ">salePMoney,</if>
			<if test="saleRMoney != null and saleRMoney != '' ">saleRMoney,</if>
			<if test="saleFMoney != null and saleFMoney != '' ">saleFMoney,</if>
			<if test="saleReturn != null and saleReturn != '' ">saleReturn,</if>
			<if test="pTradeNo != null and pTradeNo != '' ">pTradeNo,</if>
			<if test="rTradeNo != null and rTradeNo != '' ">rTradeNo,</if>
			<if test="curState != null and curState != '' ">curState,</if>
			<if test="abnomarlMoney != null and abnomarlMoney != '' ">abnomarlMoney,</if>
			<if test="corpId != null and corpId != '' ">corpId,</if>
			<if test="createTime != null and createTime != '' ">createTime,</if>
         </trim>
        <trim prefix="values (" suffix=")" suffixOverrides=",">
			<if test="logid != null and logid != ''">#{logid},</if>
			<if test="statementPid != null and statementPid != ''">#{statementPid},</if>
			<if test="productId != null and productId != ''">#{productId},</if>
			<if test="orderId != null and orderId != ''">#{orderId},</if>
			<if test="proboxId != null and proboxId != ''">#{proboxId},</if>
			<if test="siteId != null and siteId != ''">#{siteId},</if>
			<if test="laneSId != null and laneSId != ''">#{laneSId},</if>
			<if test="laneEId != null and laneEId != ''">#{laneEId},</if>
			<if test="seqId != null and seqId != ''">#{seqId},</if>
			<if test="outType != null and outType != ''">#{outType},</if>
			<if test="payType != null and payType != ''">#{payType},</if>
			<if test="tradeNo != null and tradeNo != ''">#{tradeNo},</if>
			<if test="buyMoney != null and buyMoney != ''">#{buyMoney},</if>
			<if test="salePMoney != null and salePMoney != ''">#{salePMoney},</if>
			<if test="saleRMoney != null and saleRMoney != ''">#{saleRMoney},</if>
			<if test="saleFMoney != null and saleFMoney != ''">#{saleFMoney},</if>
			<if test="saleReturn != null and saleReturn != ''">#{saleReturn},</if>
			<if test="pTradeNo != null and pTradeNo != ''">#{pTradeNo},</if>
			<if test="rTradeNo != null and rTradeNo != ''">#{rTradeNo},</if>
			<if test="curState != null and curState != ''">#{curState},</if>
			<if test="abnomarlMoney != null and abnomarlMoney != ''">#{abnomarlMoney},</if>
			<if test="corpId != null and corpId != ''">#{corpId},</if>
			<if test="createTime != null and createTime != ''">#{createTime},</if>
         </trim>
    </insert>
	 
    <update id="updateStatementProduct" parameterType="StatementProduct">
        update as_statement_product
        <trim prefix="SET" suffixOverrides=",">
            <if test="statementPid != null  and statementPid != ''  ">statementPid = #{statementPid},</if>
            <if test="productId != null  and productId != ''  ">productId = #{productId},</if>
            <if test="orderId != null  and orderId != ''  ">orderId = #{orderId},</if>
            <if test="proboxId != null  and proboxId != ''  ">proboxId = #{proboxId},</if>
            <if test="siteId != null  and siteId != ''  ">siteId = #{siteId},</if>
            <if test="laneSId != null  ">laneSId = #{laneSId},</if>
            <if test="laneEId != null  ">laneEId = #{laneEId},</if>
            <if test="seqId != null  ">seqId = #{seqId},</if>
            <if test="outType != null  and outType != ''  ">outType = #{outType},</if>
            <if test="payType != null  and payType != ''  ">payType = #{payType},</if>
            <if test="tradeNo != null  and tradeNo != ''  ">tradeNo = #{tradeNo},</if>
            <if test="buyMoney != null  ">buyMoney = #{buyMoney},</if>
            <if test="salePMoney != null  ">salePMoney = #{salePMoney},</if>
            <if test="saleRMoney != null  ">saleRMoney = #{saleRMoney},</if>
            <if test="saleFMoney != null  ">saleFMoney = #{saleFMoney},</if>
            <if test="saleReturn != null  ">saleReturn = #{saleReturn},</if>
            <if test="pTradeNo != null  and pTradeNo != ''  ">pTradeNo = #{pTradeNo},</if>
            <if test="rTradeNo != null  and rTradeNo != ''  ">rTradeNo = #{rTradeNo},</if>
            <if test="curState != null  and curState != ''  ">curState = #{curState},</if>
            <if test="abnomarlMoney != null  ">abnomarlMoney = #{abnomarlMoney},</if>
            <if test="corpId != null  and corpId != ''  ">corpId = #{corpId},</if>
            <if test="createTime != null  and createTime != ''  ">createTime = #{createTime},</if>
        </trim>
        where logid = #{logid}
    </update>

	<delete id="deleteStatementProductById" parameterType="String">
        delete from as_statement_product where logid = #{logid}
    </delete>
	
    <delete id="deleteStatementProductByIds" parameterType="String">
        delete from as_statement_product where logid in 
        <foreach item="logid" collection="array" open="(" separator="," close=")">
            #{logid}
        </foreach>
    </delete>
    
</mapper>