<?xml version="1.0" encoding="UTF-8" ?>
<!DOCTYPE mapper
PUBLIC "-//mybatis.org//DTD Mapper 3.0//EN"
"http://mybatis.org/dtd/mybatis-3-mapper.dtd">
<mapper namespace="com.manage.project.module.stockWarehouse.mapper.StockWarehouseMapper">
    
    <resultMap type="StockWarehouse" id="StockWarehouseResult">
        <result property="logid"    column="logid"    />
        <result property="wstockId"    column="wstockId"    />
        <result property="stockId"    column="stockId"    />
        <result property="stokcName"    column="stokcName"    />
        <result property="productId"    column="productId"    />
        <result property="productName"    column="productName"    />
        <result property="totalNum"    column="totalNum"    />
        <result property="curNum"    column="curNum"    />
        <result property="overNum"    column="overNum"    />
        <result property="warnNum"    column="warnNum"    />
        <result property="corpId"    column="corpId"    />
        <result property="createTime"    column="createTime"    />
    </resultMap>
	
	<sql id="selectStockWarehouseVo">
        select logid, wstockId, stockId, stokcName, productId, productName, totalNum, curNum, overNum, warnNum, corpId, createTime from as_stock_warehouse
    </sql>
	
    <select id="selectStockWarehouseList" parameterType="StockWarehouse" resultMap="StockWarehouseResult">
        <include refid="selectStockWarehouseVo"/>
        <where>  
            <if test="logid != null and logid != ''"> and logid = #{logid}</if>
             <if test="wstockId != null and wstockId != ''"> and wstockId = #{wstockId}</if>
             <if test="stockId != null and stockId != ''"> and stockId = #{stockId}</if>
             <if test="stokcName != null and stokcName != ''"> and stokcName = #{stokcName}</if>
             <if test="productId != null and productId != ''"> and productId = #{productId}</if>
             <if test="productName != null and productName != ''"> and productName = #{productName}</if>
             <if test="totalNum != null and totalNum != ''"> and totalNum = #{totalNum}</if>
             <if test="curNum != null and curNum != ''"> and curNum = #{curNum}</if>
             <if test="overNum != null and overNum != ''"> and overNum = #{overNum}</if>
             <if test="warnNum != null and warnNum != ''"> and warnNum = #{warnNum}</if>
             <if test="corpId != null and corpId != ''"> and corpId = #{corpId}</if>
             <if test="createTime != null and createTime != ''"> and createTime = #{createTime}</if>
         </where>
    </select>
    
    <select id="selectStockWarehouseById" parameterType="String" resultMap="StockWarehouseResult">
        <include refid="selectStockWarehouseVo"/>
        where logid = #{logid}
    </select>
        
    <insert id="insertStockWarehouse" parameterType="StockWarehouse">
        insert into as_stock_warehouse
		<trim prefix="(" suffix=")" suffixOverrides=",">
			<if test="logid != null and logid != '' ">logid,</if>
			<if test="wstockId != null and wstockId != '' ">wstockId,</if>
			<if test="stockId != null and stockId != '' ">stockId,</if>
			<if test="stokcName != null and stokcName != '' ">stokcName,</if>
			<if test="productId != null and productId != '' ">productId,</if>
			<if test="productName != null and productName != '' ">productName,</if>
			<if test="totalNum != null and totalNum != '' ">totalNum,</if>
			<if test="curNum != null and curNum != '' ">curNum,</if>
			<if test="overNum != null and overNum != '' ">overNum,</if>
			<if test="warnNum != null and warnNum != '' ">warnNum,</if>
			<if test="corpId != null and corpId != '' ">corpId,</if>
			<if test="createTime != null and createTime != '' ">createTime,</if>
         </trim>
        <trim prefix="values (" suffix=")" suffixOverrides=",">
			<if test="logid != null and logid != ''">#{logid},</if>
			<if test="wstockId != null and wstockId != ''">#{wstockId},</if>
			<if test="stockId != null and stockId != ''">#{stockId},</if>
			<if test="stokcName != null and stokcName != ''">#{stokcName},</if>
			<if test="productId != null and productId != ''">#{productId},</if>
			<if test="productName != null and productName != ''">#{productName},</if>
			<if test="totalNum != null and totalNum != ''">#{totalNum},</if>
			<if test="curNum != null and curNum != ''">#{curNum},</if>
			<if test="overNum != null and overNum != ''">#{overNum},</if>
			<if test="warnNum != null and warnNum != ''">#{warnNum},</if>
			<if test="corpId != null and corpId != ''">#{corpId},</if>
			<if test="createTime != null and createTime != ''">#{createTime},</if>
         </trim>
    </insert>
	 
    <update id="updateStockWarehouse" parameterType="StockWarehouse">
        update as_stock_warehouse
        <trim prefix="SET" suffixOverrides=",">
            <if test="wstockId != null  and wstockId != ''  ">wstockId = #{wstockId},</if>
            <if test="stockId != null  and stockId != ''  ">stockId = #{stockId},</if>
            <if test="stokcName != null  and stokcName != ''  ">stokcName = #{stokcName},</if>
            <if test="productId != null  and productId != ''  ">productId = #{productId},</if>
            <if test="productName != null  and productName != ''  ">productName = #{productName},</if>
            <if test="totalNum != null  ">totalNum = #{totalNum},</if>
            <if test="curNum != null  ">curNum = #{curNum},</if>
            <if test="overNum != null  ">overNum = #{overNum},</if>
            <if test="warnNum != null  ">warnNum = #{warnNum},</if>
            <if test="corpId != null  and corpId != ''  ">corpId = #{corpId},</if>
            <if test="createTime != null  and createTime != ''  ">createTime = #{createTime},</if>
        </trim>
        where logid = #{logid}
    </update>

	<delete id="deleteStockWarehouseById" parameterType="String">
        delete from as_stock_warehouse where logid = #{logid}
    </delete>
	
    <delete id="deleteStockWarehouseByIds" parameterType="String">
        delete from as_stock_warehouse where logid in 
        <foreach item="logid" collection="array" open="(" separator="," close=")">
            #{logid}
        </foreach>
    </delete>
    
</mapper>