<?xml version="1.0" encoding="UTF-8" ?>
<!DOCTYPE mapper
PUBLIC "-//mybatis.org//DTD Mapper 3.0//EN"
"http://mybatis.org/dtd/mybatis-3-mapper.dtd">
<mapper namespace="com.manage.project.module.stockPinbound.mapper.StockPinboundMapper">
    
    <resultMap type="StockPinbound" id="StockPinboundResult">
        <result property="logid"    column="logid"    />
        <result property="wPInboundId"    column="wPInboundId"    />
        <result property="wInboundId"    column="wInboundId"    />
        <result property="stockId"    column="stockId"    />
        <result property="stokcName"    column="stokcName"    />
        <result property="productId"    column="productId"    />
        <result property="productName"    column="productName"    />
        <result property="supplierId"    column="supplierId"    />
        <result property="pNum"    column="pNum"    />
        <result property="buyPrice"    column="buyPrice"    />
        <result property="totalPrice"    column="totalPrice"    />
        <result property="corpId"    column="corpId"    />
        <result property="createTime"    column="createTime"    />
    </resultMap>
	
	<sql id="selectStockPinboundVo">
        select logid, wPInboundId, wInboundId, stockId, stokcName, productId, productName, supplierId, pNum, buyPrice, totalPrice, corpId, createTime from as_stock_pinbound
    </sql>
	
    <select id="selectStockPinboundList" parameterType="StockPinbound" resultMap="StockPinboundResult">
        <include refid="selectStockPinboundVo"/>
        <where>  
            <if test="logid != null and logid != ''"> and logid = #{logid}</if>
             <if test="wPInboundId != null and wPInboundId != ''"> and wPInboundId = #{wPInboundId}</if>
             <if test="wInboundId != null and wInboundId != ''"> and wInboundId = #{wInboundId}</if>
             <if test="stockId != null and stockId != ''"> and stockId = #{stockId}</if>
             <if test="stokcName != null and stokcName != ''"> and stokcName = #{stokcName}</if>
             <if test="productId != null and productId != ''"> and productId = #{productId}</if>
             <if test="productName != null and productName != ''"> and productName = #{productName}</if>
             <if test="supplierId != null and supplierId != ''"> and supplierId = #{supplierId}</if>
             <if test="pNum != null and pNum != ''"> and pNum = #{pNum}</if>
             <if test="buyPrice != null and buyPrice != ''"> and buyPrice = #{buyPrice}</if>
             <if test="totalPrice != null and totalPrice != ''"> and totalPrice = #{totalPrice}</if>
             <if test="corpId != null and corpId != ''"> and corpId = #{corpId}</if>
             <if test="createTime != null and createTime != ''"> and createTime = #{createTime}</if>
         </where>
    </select>
    
    <select id="selectStockPinboundById" parameterType="String" resultMap="StockPinboundResult">
        <include refid="selectStockPinboundVo"/>
        where logid = #{logid}
    </select>
        
    <insert id="insertStockPinbound" parameterType="StockPinbound">
        insert into as_stock_pinbound
		<trim prefix="(" suffix=")" suffixOverrides=",">
			<if test="logid != null and logid != '' ">logid,</if>
			<if test="wPInboundId != null and wPInboundId != '' ">wPInboundId,</if>
			<if test="wInboundId != null and wInboundId != '' ">wInboundId,</if>
			<if test="stockId != null and stockId != '' ">stockId,</if>
			<if test="stokcName != null and stokcName != '' ">stokcName,</if>
			<if test="productId != null and productId != '' ">productId,</if>
			<if test="productName != null and productName != '' ">productName,</if>
			<if test="supplierId != null and supplierId != '' ">supplierId,</if>
			<if test="pNum != null and pNum != '' ">pNum,</if>
			<if test="buyPrice != null and buyPrice != '' ">buyPrice,</if>
			<if test="totalPrice != null and totalPrice != '' ">totalPrice,</if>
			<if test="corpId != null and corpId != '' ">corpId,</if>
			<if test="createTime != null and createTime != '' ">createTime,</if>
         </trim>
        <trim prefix="values (" suffix=")" suffixOverrides=",">
			<if test="logid != null and logid != ''">#{logid},</if>
			<if test="wPInboundId != null and wPInboundId != ''">#{wPInboundId},</if>
			<if test="wInboundId != null and wInboundId != ''">#{wInboundId},</if>
			<if test="stockId != null and stockId != ''">#{stockId},</if>
			<if test="stokcName != null and stokcName != ''">#{stokcName},</if>
			<if test="productId != null and productId != ''">#{productId},</if>
			<if test="productName != null and productName != ''">#{productName},</if>
			<if test="supplierId != null and supplierId != ''">#{supplierId},</if>
			<if test="pNum != null and pNum != ''">#{pNum},</if>
			<if test="buyPrice != null and buyPrice != ''">#{buyPrice},</if>
			<if test="totalPrice != null and totalPrice != ''">#{totalPrice},</if>
			<if test="corpId != null and corpId != ''">#{corpId},</if>
			<if test="createTime != null and createTime != ''">#{createTime},</if>
         </trim>
    </insert>
	 
    <update id="updateStockPinbound" parameterType="StockPinbound">
        update as_stock_pinbound
        <trim prefix="SET" suffixOverrides=",">
            <if test="wPInboundId != null  and wPInboundId != ''  ">wPInboundId = #{wPInboundId},</if>
            <if test="wInboundId != null  and wInboundId != ''  ">wInboundId = #{wInboundId},</if>
            <if test="stockId != null  and stockId != ''  ">stockId = #{stockId},</if>
            <if test="stokcName != null  and stokcName != ''  ">stokcName = #{stokcName},</if>
            <if test="productId != null  and productId != ''  ">productId = #{productId},</if>
            <if test="productName != null  and productName != ''  ">productName = #{productName},</if>
            <if test="supplierId != null  and supplierId != ''  ">supplierId = #{supplierId},</if>
            <if test="pNum != null  ">pNum = #{pNum},</if>
            <if test="buyPrice != null  ">buyPrice = #{buyPrice},</if>
            <if test="totalPrice != null  ">totalPrice = #{totalPrice},</if>
            <if test="corpId != null  and corpId != ''  ">corpId = #{corpId},</if>
            <if test="createTime != null  and createTime != ''  ">createTime = #{createTime},</if>
        </trim>
        where logid = #{logid}
    </update>

	<delete id="deleteStockPinboundById" parameterType="String">
        delete from as_stock_pinbound where logid = #{logid}
    </delete>
	
    <delete id="deleteStockPinboundByIds" parameterType="String">
        delete from as_stock_pinbound where logid in 
        <foreach item="logid" collection="array" open="(" separator="," close=")">
            #{logid}
        </foreach>
    </delete>
    
</mapper>