<?xml version="1.0" encoding="UTF-8" ?>
<!DOCTYPE mapper
PUBLIC "-//mybatis.org//DTD Mapper 3.0//EN"
"http://mybatis.org/dtd/mybatis-3-mapper.dtd">
<mapper namespace="com.manage.project.module.stockInbound.mapper.StockInboundMapper">
    
    <resultMap type="StockInbound" id="StockInboundResult">
        <result property="logid"    column="logid"    />
        <result property="wInboundId"    column="wInboundId"    />
        <result property="wPurchaseId"    column="wPurchaseId"    />
        <result property="stockId"    column="stockId"    />
        <result property="stokcName"    column="stokcName"    />
        <result property="pNum"    column="pNum"    />
        <result property="tNum"    column="tNum"    />
        <result property="totalPrice"    column="totalPrice"    />
        <result property="curState"    column="curState"    />
        <result property="stateTime"    column="stateTime"    />
        <result property="inboundId"    column="inboundId"    />
        <result property="corpId"    column="corpId"    />
        <result property="createTime"    column="createTime"    />
    </resultMap>
	
	<sql id="selectStockInboundVo">
        select logid, wInboundId, wPurchaseId, stockId, stokcName, pNum, tNum, totalPrice, curState, stateTime, inboundId, corpId, createTime from as_stock_inbound
    </sql>
	
    <select id="selectStockInboundList" parameterType="StockInbound" resultMap="StockInboundResult">
        <include refid="selectStockInboundVo"/>
        <where>  
            <if test="logid != null and logid != ''"> and logid = #{logid}</if>
             <if test="wInboundId != null and wInboundId != ''"> and wInboundId = #{wInboundId}</if>
             <if test="wPurchaseId != null and wPurchaseId != ''"> and wPurchaseId = #{wPurchaseId}</if>
             <if test="stockId != null and stockId != ''"> and stockId = #{stockId}</if>
             <if test="stokcName != null and stokcName != ''"> and stokcName = #{stokcName}</if>
             <if test="pNum != null and pNum != ''"> and pNum = #{pNum}</if>
             <if test="tNum != null and tNum != ''"> and tNum = #{tNum}</if>
             <if test="totalPrice != null and totalPrice != ''"> and totalPrice = #{totalPrice}</if>
             <if test="curState != null and curState != ''"> and curState = #{curState}</if>
             <if test="stateTime != null and stateTime != ''"> and stateTime = #{stateTime}</if>
             <if test="inboundId != null and inboundId != ''"> and inboundId = #{inboundId}</if>
             <if test="corpId != null and corpId != ''"> and corpId = #{corpId}</if>
             <if test="createTime != null and createTime != ''"> and createTime = #{createTime}</if>
         </where>
    </select>
    
    <select id="selectStockInboundById" parameterType="String" resultMap="StockInboundResult">
        <include refid="selectStockInboundVo"/>
        where logid = #{logid}
    </select>
        
    <insert id="insertStockInbound" parameterType="StockInbound">
        insert into as_stock_inbound
		<trim prefix="(" suffix=")" suffixOverrides=",">
			<if test="logid != null and logid != '' ">logid,</if>
			<if test="wInboundId != null and wInboundId != '' ">wInboundId,</if>
			<if test="wPurchaseId != null and wPurchaseId != '' ">wPurchaseId,</if>
			<if test="stockId != null and stockId != '' ">stockId,</if>
			<if test="stokcName != null and stokcName != '' ">stokcName,</if>
			<if test="pNum != null and pNum != '' ">pNum,</if>
			<if test="tNum != null and tNum != '' ">tNum,</if>
			<if test="totalPrice != null and totalPrice != '' ">totalPrice,</if>
			<if test="curState != null and curState != '' ">curState,</if>
			<if test="stateTime != null and stateTime != '' ">stateTime,</if>
			<if test="inboundId != null and inboundId != '' ">inboundId,</if>
			<if test="corpId != null and corpId != '' ">corpId,</if>
			<if test="createTime != null and createTime != '' ">createTime,</if>
         </trim>
        <trim prefix="values (" suffix=")" suffixOverrides=",">
			<if test="logid != null and logid != ''">#{logid},</if>
			<if test="wInboundId != null and wInboundId != ''">#{wInboundId},</if>
			<if test="wPurchaseId != null and wPurchaseId != ''">#{wPurchaseId},</if>
			<if test="stockId != null and stockId != ''">#{stockId},</if>
			<if test="stokcName != null and stokcName != ''">#{stokcName},</if>
			<if test="pNum != null and pNum != ''">#{pNum},</if>
			<if test="tNum != null and tNum != ''">#{tNum},</if>
			<if test="totalPrice != null and totalPrice != ''">#{totalPrice},</if>
			<if test="curState != null and curState != ''">#{curState},</if>
			<if test="stateTime != null and stateTime != ''">#{stateTime},</if>
			<if test="inboundId != null and inboundId != ''">#{inboundId},</if>
			<if test="corpId != null and corpId != ''">#{corpId},</if>
			<if test="createTime != null and createTime != ''">#{createTime},</if>
         </trim>
    </insert>
	 
    <update id="updateStockInbound" parameterType="StockInbound">
        update as_stock_inbound
        <trim prefix="SET" suffixOverrides=",">
            <if test="wInboundId != null  and wInboundId != ''  ">wInboundId = #{wInboundId},</if>
            <if test="wPurchaseId != null  and wPurchaseId != ''  ">wPurchaseId = #{wPurchaseId},</if>
            <if test="stockId != null  and stockId != ''  ">stockId = #{stockId},</if>
            <if test="stokcName != null  and stokcName != ''  ">stokcName = #{stokcName},</if>
            <if test="pNum != null  ">pNum = #{pNum},</if>
            <if test="tNum != null  ">tNum = #{tNum},</if>
            <if test="totalPrice != null  ">totalPrice = #{totalPrice},</if>
            <if test="curState != null  and curState != ''  ">curState = #{curState},</if>
            <if test="stateTime != null  and stateTime != ''  ">stateTime = #{stateTime},</if>
            <if test="inboundId != null  and inboundId != ''  ">inboundId = #{inboundId},</if>
            <if test="corpId != null  and corpId != ''  ">corpId = #{corpId},</if>
            <if test="createTime != null  and createTime != ''  ">createTime = #{createTime},</if>
        </trim>
        where logid = #{logid}
    </update>

	<delete id="deleteStockInboundById" parameterType="String">
        delete from as_stock_inbound where logid = #{logid}
    </delete>
	
    <delete id="deleteStockInboundByIds" parameterType="String">
        delete from as_stock_inbound where logid in 
        <foreach item="logid" collection="array" open="(" separator="," close=")">
            #{logid}
        </foreach>
    </delete>
    
</mapper>