<?xml version="1.0" encoding="UTF-8" ?>
<!DOCTYPE mapper
PUBLIC "-//mybatis.org//DTD Mapper 3.0//EN"
"http://mybatis.org/dtd/mybatis-3-mapper.dtd">
<mapper namespace="com.manage.project.module.stockPpurchase.mapper.StockPpurchaseMapper">
    
    <resultMap type="StockPpurchase" id="StockPpurchaseResult">
        <result property="logid"    column="logid"    />
        <result property="wPPurchaseId"    column="wPPurchaseId"    />
        <result property="purchaseId"    column="purchaseId"    />
        <result property="stockId"    column="stockId"    />
        <result property="stokcName"    column="stokcName"    />
        <result property="productId"    column="productId"    />
        <result property="productName"    column="productName"    />
        <result property="supplierId"    column="supplierId"    />
        <result property="pNum"    column="pNum"    />
        <result property="buyPrice"    column="buyPrice"    />
        <result property="totalPrice"    column="totalPrice"    />
        <result property="corpId"    column="corpId"    />
        <result property="createTime"    column="createTime"    />
    </resultMap>
	
	<sql id="selectStockPpurchaseVo">
        select logid, wPPurchaseId, purchaseId, stockId, stokcName, productId, productName, supplierId, pNum, buyPrice, totalPrice, corpId, createTime from as_stock_ppurchase
    </sql>
	
    <select id="selectStockPpurchaseList" parameterType="StockPpurchase" resultMap="StockPpurchaseResult">
        <include refid="selectStockPpurchaseVo"/>
        <where>  
            <if test="logid != null and logid != ''"> and logid = #{logid}</if>
             <if test="wPPurchaseId != null and wPPurchaseId != ''"> and wPPurchaseId = #{wPPurchaseId}</if>
             <if test="purchaseId != null and purchaseId != ''"> and purchaseId = #{purchaseId}</if>
             <if test="stockId != null and stockId != ''"> and stockId = #{stockId}</if>
             <if test="stokcName != null and stokcName != ''"> and stokcName = #{stokcName}</if>
             <if test="productId != null and productId != ''"> and productId = #{productId}</if>
             <if test="productName != null and productName != ''"> and productName = #{productName}</if>
             <if test="supplierId != null and supplierId != ''"> and supplierId = #{supplierId}</if>
             <if test="pNum != null and pNum != ''"> and pNum = #{pNum}</if>
             <if test="buyPrice != null and buyPrice != ''"> and buyPrice = #{buyPrice}</if>
             <if test="totalPrice != null and totalPrice != ''"> and totalPrice = #{totalPrice}</if>
             <if test="corpId != null and corpId != ''"> and corpId = #{corpId}</if>
             <if test="createTime != null and createTime != ''"> and createTime = #{createTime}</if>
         </where>
    </select>
    
    <select id="selectStockPpurchaseById" parameterType="String" resultMap="StockPpurchaseResult">
        <include refid="selectStockPpurchaseVo"/>
        where logid = #{logid}
    </select>
        
    <insert id="insertStockPpurchase" parameterType="StockPpurchase">
        insert into as_stock_ppurchase
		<trim prefix="(" suffix=")" suffixOverrides=",">
			<if test="logid != null and logid != '' ">logid,</if>
			<if test="wPPurchaseId != null and wPPurchaseId != '' ">wPPurchaseId,</if>
			<if test="purchaseId != null and purchaseId != '' ">purchaseId,</if>
			<if test="stockId != null and stockId != '' ">stockId,</if>
			<if test="stokcName != null and stokcName != '' ">stokcName,</if>
			<if test="productId != null and productId != '' ">productId,</if>
			<if test="productName != null and productName != '' ">productName,</if>
			<if test="supplierId != null and supplierId != '' ">supplierId,</if>
			<if test="pNum != null and pNum != '' ">pNum,</if>
			<if test="buyPrice != null and buyPrice != '' ">buyPrice,</if>
			<if test="totalPrice != null and totalPrice != '' ">totalPrice,</if>
			<if test="corpId != null and corpId != '' ">corpId,</if>
			<if test="createTime != null and createTime != '' ">createTime,</if>
         </trim>
        <trim prefix="values (" suffix=")" suffixOverrides=",">
			<if test="logid != null and logid != ''">#{logid},</if>
			<if test="wPPurchaseId != null and wPPurchaseId != ''">#{wPPurchaseId},</if>
			<if test="purchaseId != null and purchaseId != ''">#{purchaseId},</if>
			<if test="stockId != null and stockId != ''">#{stockId},</if>
			<if test="stokcName != null and stokcName != ''">#{stokcName},</if>
			<if test="productId != null and productId != ''">#{productId},</if>
			<if test="productName != null and productName != ''">#{productName},</if>
			<if test="supplierId != null and supplierId != ''">#{supplierId},</if>
			<if test="pNum != null and pNum != ''">#{pNum},</if>
			<if test="buyPrice != null and buyPrice != ''">#{buyPrice},</if>
			<if test="totalPrice != null and totalPrice != ''">#{totalPrice},</if>
			<if test="corpId != null and corpId != ''">#{corpId},</if>
			<if test="createTime != null and createTime != ''">#{createTime},</if>
         </trim>
    </insert>
	 
    <update id="updateStockPpurchase" parameterType="StockPpurchase">
        update as_stock_ppurchase
        <trim prefix="SET" suffixOverrides=",">
            <if test="wPPurchaseId != null  and wPPurchaseId != ''  ">wPPurchaseId = #{wPPurchaseId},</if>
            <if test="purchaseId != null  and purchaseId != ''  ">purchaseId = #{purchaseId},</if>
            <if test="stockId != null  and stockId != ''  ">stockId = #{stockId},</if>
            <if test="stokcName != null  and stokcName != ''  ">stokcName = #{stokcName},</if>
            <if test="productId != null  and productId != ''  ">productId = #{productId},</if>
            <if test="productName != null  and productName != ''  ">productName = #{productName},</if>
            <if test="supplierId != null  and supplierId != ''  ">supplierId = #{supplierId},</if>
            <if test="pNum != null  ">pNum = #{pNum},</if>
            <if test="buyPrice != null  ">buyPrice = #{buyPrice},</if>
            <if test="totalPrice != null  ">totalPrice = #{totalPrice},</if>
            <if test="corpId != null  and corpId != ''  ">corpId = #{corpId},</if>
            <if test="createTime != null  and createTime != ''  ">createTime = #{createTime},</if>
        </trim>
        where logid = #{logid}
    </update>

	<delete id="deleteStockPpurchaseById" parameterType="String">
        delete from as_stock_ppurchase where logid = #{logid}
    </delete>
	
    <delete id="deleteStockPpurchaseByIds" parameterType="String">
        delete from as_stock_ppurchase where logid in 
        <foreach item="logid" collection="array" open="(" separator="," close=")">
            #{logid}
        </foreach>
    </delete>
    
</mapper>