<?xml version="1.0" encoding="UTF-8" ?>
<!DOCTYPE mapper
PUBLIC "-//mybatis.org//DTD Mapper 3.0//EN"
"http://mybatis.org/dtd/mybatis-3-mapper.dtd">
<mapper namespace="com.manage.project.module.supplyProduct.mapper.SupplyProductMapper">
    
    <resultMap type="SupplyProduct" id="SupplyProductResult">
        <result property="logid"    column="logid"    />
        <result property="sProductId"    column="sProductId"    />
        <result property="sOrderId"    column="sOrderId"    />
        <result property="corpId"    column="corpId"    />
        <result property="supplyId"    column="supplyId"    />
        <result property="productId"    column="productId"    />
        <result property="supplyNum"    column="supplyNum"    />
        <result property="outNum"    column="outNum"    />
        <result property="curState"    column="curState"    />
        <result property="stateTime"    column="stateTime"    />
        <result property="buyPrice"    column="buyPrice"    />
        <result property="createTime"    column="createTime"    />
    </resultMap>
	
	<sql id="selectSupplyProductVo">
        select logid, sProductId, sOrderId, corpId, supplyId, productId, supplyNum, outNum, curState, stateTime, buyPrice, createTime from as_supply_product
    </sql>
	
    <select id="selectSupplyProductList" parameterType="SupplyProduct" resultMap="SupplyProductResult">
        <include refid="selectSupplyProductVo"/>
        <where>  
            <if test="logid != null and logid != ''"> and logid = #{logid}</if>
             <if test="sProductId != null and sProductId != ''"> and sProductId = #{sProductId}</if>
             <if test="sOrderId != null and sOrderId != ''"> and sOrderId = #{sOrderId}</if>
             <if test="corpId != null and corpId != ''"> and corpId = #{corpId}</if>
             <if test="supplyId != null and supplyId != ''"> and supplyId = #{supplyId}</if>
             <if test="productId != null and productId != ''"> and productId = #{productId}</if>
             <if test="supplyNum != null and supplyNum != ''"> and supplyNum = #{supplyNum}</if>
             <if test="outNum != null and outNum != ''"> and outNum = #{outNum}</if>
             <if test="curState != null and curState != ''"> and curState = #{curState}</if>
             <if test="stateTime != null and stateTime != ''"> and stateTime = #{stateTime}</if>
             <if test="buyPrice != null and buyPrice != ''"> and buyPrice = #{buyPrice}</if>
             <if test="createTime != null and createTime != ''"> and createTime = #{createTime}</if>
         </where>
    </select>
    
    <select id="selectSupplyProductById" parameterType="String" resultMap="SupplyProductResult">
        <include refid="selectSupplyProductVo"/>
        where logid = #{logid}
    </select>
        
    <insert id="insertSupplyProduct" parameterType="SupplyProduct">
        insert into as_supply_product
		<trim prefix="(" suffix=")" suffixOverrides=",">
			<if test="logid != null and logid != '' ">logid,</if>
			<if test="sProductId != null and sProductId != '' ">sProductId,</if>
			<if test="sOrderId != null and sOrderId != '' ">sOrderId,</if>
			<if test="corpId != null and corpId != '' ">corpId,</if>
			<if test="supplyId != null and supplyId != '' ">supplyId,</if>
			<if test="productId != null and productId != '' ">productId,</if>
			<if test="supplyNum != null and supplyNum != '' ">supplyNum,</if>
			<if test="outNum != null and outNum != '' ">outNum,</if>
			<if test="curState != null and curState != '' ">curState,</if>
			<if test="stateTime != null and stateTime != '' ">stateTime,</if>
			<if test="buyPrice != null and buyPrice != '' ">buyPrice,</if>
			<if test="createTime != null and createTime != '' ">createTime,</if>
         </trim>
        <trim prefix="values (" suffix=")" suffixOverrides=",">
			<if test="logid != null and logid != ''">#{logid},</if>
			<if test="sProductId != null and sProductId != ''">#{sProductId},</if>
			<if test="sOrderId != null and sOrderId != ''">#{sOrderId},</if>
			<if test="corpId != null and corpId != ''">#{corpId},</if>
			<if test="supplyId != null and supplyId != ''">#{supplyId},</if>
			<if test="productId != null and productId != ''">#{productId},</if>
			<if test="supplyNum != null and supplyNum != ''">#{supplyNum},</if>
			<if test="outNum != null and outNum != ''">#{outNum},</if>
			<if test="curState != null and curState != ''">#{curState},</if>
			<if test="stateTime != null and stateTime != ''">#{stateTime},</if>
			<if test="buyPrice != null and buyPrice != ''">#{buyPrice},</if>
			<if test="createTime != null and createTime != ''">#{createTime},</if>
         </trim>
    </insert>
	 
    <update id="updateSupplyProduct" parameterType="SupplyProduct">
        update as_supply_product
        <trim prefix="SET" suffixOverrides=",">
            <if test="sProductId != null  and sProductId != ''  ">sProductId = #{sProductId},</if>
            <if test="sOrderId != null  and sOrderId != ''  ">sOrderId = #{sOrderId},</if>
            <if test="corpId != null  and corpId != ''  ">corpId = #{corpId},</if>
            <if test="supplyId != null  and supplyId != ''  ">supplyId = #{supplyId},</if>
            <if test="productId != null  and productId != ''  ">productId = #{productId},</if>
            <if test="supplyNum != null  ">supplyNum = #{supplyNum},</if>
            <if test="outNum != null  ">outNum = #{outNum},</if>
            <if test="curState != null  and curState != ''  ">curState = #{curState},</if>
            <if test="stateTime != null  and stateTime != ''  ">stateTime = #{stateTime},</if>
            <if test="buyPrice != null  ">buyPrice = #{buyPrice},</if>
            <if test="createTime != null  and createTime != ''  ">createTime = #{createTime},</if>
        </trim>
        where logid = #{logid}
    </update>

	<delete id="deleteSupplyProductById" parameterType="String">
        delete from as_supply_product where logid = #{logid}
    </delete>
	
    <delete id="deleteSupplyProductByIds" parameterType="String">
        delete from as_supply_product where logid in 
        <foreach item="logid" collection="array" open="(" separator="," close=")">
            #{logid}
        </foreach>
    </delete>
    
</mapper>