<?xml version="1.0" encoding="UTF-8" ?>
<!DOCTYPE mapper
PUBLIC "-//mybatis.org//DTD Mapper 3.0//EN"
"http://mybatis.org/dtd/mybatis-3-mapper.dtd">
<mapper namespace="com.manage.project.module.supplyOrder.mapper.SupplyOrderMapper">
    
    <resultMap type="SupplyOrder" id="SupplyOrderResult">
        <result property="logid"    column="logid"    />
        <result property="sOrderId"    column="sOrderId"    />
        <result property="corpId"    column="corpId"    />
        <result property="supplyId"    column="supplyId"    />
        <result property="supplyFTime"    column="supplyFTime"    />
        <result property="name"    column="name"    />
        <result property="lineId"    column="lineId"    />
        <result property="wmId"    column="wmId"    />
        <result property="supplierId"    column="supplierId"    />
        <result property="num"    column="num"    />
        <result property="type"    column="type"    />
        <result property="supplyNum"    column="supplyNum"    />
        <result property="curPNum"    column="curPNum"    />
        <result property="maxPNum"    column="maxPNum"    />
        <result property="curState"    column="curState"    />
        <result property="stateTime"    column="stateTime"    />
        <result property="finshState"    column="finshState"    />
        <result property="stockState"    column="stockState"    />
        <result property="sStateTime"    column="sStateTime"    />
        <result property="checkId"    column="checkId"    />
        <result property="createTime"    column="createTime"    />
    </resultMap>
	
	<sql id="selectSupplyOrderVo">
        select logid, sOrderId, corpId, supplyId, supplyFTime, name, lineId, wmId, supplierId, num, type, supplyNum, curPNum, maxPNum, curState, stateTime, finshState, stockState, sStateTime, checkId, createTime from as_supply_order
    </sql>
	
    <select id="selectSupplyOrderList" parameterType="SupplyOrder" resultMap="SupplyOrderResult">
        <include refid="selectSupplyOrderVo"/>
        <where>  
            <if test="logid != null and logid != ''"> and logid = #{logid}</if>
             <if test="sOrderId != null and sOrderId != ''"> and sOrderId = #{sOrderId}</if>
             <if test="corpId != null and corpId != ''"> and corpId = #{corpId}</if>
             <if test="supplyId != null and supplyId != ''"> and supplyId = #{supplyId}</if>
             <if test="supplyFTime != null and supplyFTime != ''"> and supplyFTime = #{supplyFTime}</if>
             <if test="name != null and name != ''"> and name = #{name}</if>
             <if test="lineId != null and lineId != ''"> and lineId = #{lineId}</if>
             <if test="wmId != null and wmId != ''"> and wmId = #{wmId}</if>
             <if test="supplierId != null and supplierId != ''"> and supplierId = #{supplierId}</if>
             <if test="num != null and num != ''"> and num = #{num}</if>
             <if test="type != null and type != ''"> and type = #{type}</if>
             <if test="supplyNum != null and supplyNum != ''"> and supplyNum = #{supplyNum}</if>
             <if test="curPNum != null and curPNum != ''"> and curPNum = #{curPNum}</if>
             <if test="maxPNum != null and maxPNum != ''"> and maxPNum = #{maxPNum}</if>
             <if test="curState != null and curState != ''"> and curState = #{curState}</if>
             <if test="stateTime != null and stateTime != ''"> and stateTime = #{stateTime}</if>
             <if test="finshState != null and finshState != ''"> and finshState = #{finshState}</if>
             <if test="stockState != null and stockState != ''"> and stockState = #{stockState}</if>
             <if test="sStateTime != null and sStateTime != ''"> and sStateTime = #{sStateTime}</if>
             <if test="checkId != null and checkId != ''"> and checkId = #{checkId}</if>
             <if test="createTime != null and createTime != ''"> and createTime = #{createTime}</if>
         </where>
    </select>
    
    <select id="selectSupplyOrderById" parameterType="String" resultMap="SupplyOrderResult">
        <include refid="selectSupplyOrderVo"/>
        where logid = #{logid}
    </select>
        
    <insert id="insertSupplyOrder" parameterType="SupplyOrder">
        insert into as_supply_order
		<trim prefix="(" suffix=")" suffixOverrides=",">
			<if test="logid != null and logid != '' ">logid,</if>
			<if test="sOrderId != null and sOrderId != '' ">sOrderId,</if>
			<if test="corpId != null and corpId != '' ">corpId,</if>
			<if test="supplyId != null and supplyId != '' ">supplyId,</if>
			<if test="supplyFTime != null and supplyFTime != '' ">supplyFTime,</if>
			<if test="name != null and name != '' ">name,</if>
			<if test="lineId != null and lineId != '' ">lineId,</if>
			<if test="wmId != null and wmId != '' ">wmId,</if>
			<if test="supplierId != null and supplierId != '' ">supplierId,</if>
			<if test="num != null and num != '' ">num,</if>
			<if test="type != null and type != '' ">type,</if>
			<if test="supplyNum != null and supplyNum != '' ">supplyNum,</if>
			<if test="curPNum != null and curPNum != '' ">curPNum,</if>
			<if test="maxPNum != null and maxPNum != '' ">maxPNum,</if>
			<if test="curState != null and curState != '' ">curState,</if>
			<if test="stateTime != null and stateTime != '' ">stateTime,</if>
			<if test="finshState != null and finshState != '' ">finshState,</if>
			<if test="stockState != null and stockState != '' ">stockState,</if>
			<if test="sStateTime != null and sStateTime != '' ">sStateTime,</if>
			<if test="checkId != null and checkId != '' ">checkId,</if>
			<if test="createTime != null and createTime != '' ">createTime,</if>
         </trim>
        <trim prefix="values (" suffix=")" suffixOverrides=",">
			<if test="logid != null and logid != ''">#{logid},</if>
			<if test="sOrderId != null and sOrderId != ''">#{sOrderId},</if>
			<if test="corpId != null and corpId != ''">#{corpId},</if>
			<if test="supplyId != null and supplyId != ''">#{supplyId},</if>
			<if test="supplyFTime != null and supplyFTime != ''">#{supplyFTime},</if>
			<if test="name != null and name != ''">#{name},</if>
			<if test="lineId != null and lineId != ''">#{lineId},</if>
			<if test="wmId != null and wmId != ''">#{wmId},</if>
			<if test="supplierId != null and supplierId != ''">#{supplierId},</if>
			<if test="num != null and num != ''">#{num},</if>
			<if test="type != null and type != ''">#{type},</if>
			<if test="supplyNum != null and supplyNum != ''">#{supplyNum},</if>
			<if test="curPNum != null and curPNum != ''">#{curPNum},</if>
			<if test="maxPNum != null and maxPNum != ''">#{maxPNum},</if>
			<if test="curState != null and curState != ''">#{curState},</if>
			<if test="stateTime != null and stateTime != ''">#{stateTime},</if>
			<if test="finshState != null and finshState != ''">#{finshState},</if>
			<if test="stockState != null and stockState != ''">#{stockState},</if>
			<if test="sStateTime != null and sStateTime != ''">#{sStateTime},</if>
			<if test="checkId != null and checkId != ''">#{checkId},</if>
			<if test="createTime != null and createTime != ''">#{createTime},</if>
         </trim>
    </insert>
	 
    <update id="updateSupplyOrder" parameterType="SupplyOrder">
        update as_supply_order
        <trim prefix="SET" suffixOverrides=",">
            <if test="sOrderId != null  and sOrderId != ''  ">sOrderId = #{sOrderId},</if>
            <if test="corpId != null  and corpId != ''  ">corpId = #{corpId},</if>
            <if test="supplyId != null  and supplyId != ''  ">supplyId = #{supplyId},</if>
            <if test="supplyFTime != null  and supplyFTime != ''  ">supplyFTime = #{supplyFTime},</if>
            <if test="name != null  and name != ''  ">name = #{name},</if>
            <if test="lineId != null  and lineId != ''  ">lineId = #{lineId},</if>
            <if test="wmId != null  and wmId != ''  ">wmId = #{wmId},</if>
            <if test="supplierId != null  and supplierId != ''  ">supplierId = #{supplierId},</if>
            <if test="num != null  ">num = #{num},</if>
            <if test="type != null  and type != ''  ">type = #{type},</if>
            <if test="supplyNum != null  ">supplyNum = #{supplyNum},</if>
            <if test="curPNum != null  ">curPNum = #{curPNum},</if>
            <if test="maxPNum != null  ">maxPNum = #{maxPNum},</if>
            <if test="curState != null  and curState != ''  ">curState = #{curState},</if>
            <if test="stateTime != null  and stateTime != ''  ">stateTime = #{stateTime},</if>
            <if test="finshState != null  and finshState != ''  ">finshState = #{finshState},</if>
            <if test="stockState != null  and stockState != ''  ">stockState = #{stockState},</if>
            <if test="sStateTime != null  and sStateTime != ''  ">sStateTime = #{sStateTime},</if>
            <if test="checkId != null  and checkId != ''  ">checkId = #{checkId},</if>
            <if test="createTime != null  and createTime != ''  ">createTime = #{createTime},</if>
        </trim>
        where logid = #{logid}
    </update>

	<delete id="deleteSupplyOrderById" parameterType="String">
        delete from as_supply_order where logid = #{logid}
    </delete>
	
    <delete id="deleteSupplyOrderByIds" parameterType="String">
        delete from as_supply_order where logid in 
        <foreach item="logid" collection="array" open="(" separator="," close=")">
            #{logid}
        </foreach>
    </delete>
    
</mapper>