<?xml version="1.0" encoding="UTF-8" ?>
<!DOCTYPE mapper
PUBLIC "-//mybatis.org//DTD Mapper 3.0//EN"
"http://mybatis.org/dtd/mybatis-3-mapper.dtd">
<mapper namespace="com.manage.project.module.supplyConfig.mapper.SupplyConfigMapper">
    
    <resultMap type="SupplyConfig" id="SupplyConfigResult">
        <result property="logid"    column="logid"    />
        <result property="supplyId"    column="supplyId"    />
        <result property="corpId"    column="corpId"    />
        <result property="name"    column="name"    />
        <result property="lineId"    column="lineId"    />
        <result property="wmId"    column="wmId"    />
        <result property="supplierId"    column="supplierId"    />
        <result property="num"    column="num"    />
        <result property="type"    column="type"    />
        <result property="advTime"    column="advTime"    />
        <result property="finshTime"    column="finshTime"    />
        <result property="pendingNum"    column="pendingNum"    />
        <result property="finshNum"    column="finshNum"    />
        <result property="supplyPnum"    column="supplyPnum"    />
        <result property="sproductNum"    column="sproductNum"    />
        <result property="strategy"    column="strategy"    />
        <result property="curPNum"    column="curPNum"    />
        <result property="maxPNum"    column="maxPNum"    />
        <result property="storyLevel"    column="storyLevel"    />
        <result property="fristlevel"    column="fristlevel"    />
        <result property="twolevel"    column="twolevel"    />
        <result property="threelevel"    column="threelevel"    />
        <result property="createTime"    column="createTime"    />
    </resultMap>
	
	<sql id="selectSupplyConfigVo">
        select logid, supplyId, corpId, name, lineId, wmId, supplierId, num, type, advTime, finshTime, pendingNum, finshNum, supplyPnum, sproductNum, strategy, curPNum, maxPNum, storyLevel, fristlevel, twolevel, threelevel, createTime from as_supply_config
    </sql>
	
    <select id="selectSupplyConfigList" parameterType="SupplyConfig" resultMap="SupplyConfigResult">
        <include refid="selectSupplyConfigVo"/>
        <where>  
            <if test="logid != null and logid != ''"> and logid = #{logid}</if>
             <if test="supplyId != null and supplyId != ''"> and supplyId = #{supplyId}</if>
             <if test="corpId != null and corpId != ''"> and corpId = #{corpId}</if>
             <if test="name != null and name != ''"> and name = #{name}</if>
             <if test="lineId != null and lineId != ''"> and lineId = #{lineId}</if>
             <if test="wmId != null and wmId != ''"> and wmId = #{wmId}</if>
             <if test="supplierId != null and supplierId != ''"> and supplierId = #{supplierId}</if>
             <if test="num != null and num != ''"> and num = #{num}</if>
             <if test="type != null and type != ''"> and type = #{type}</if>
             <if test="advTime != null and advTime != ''"> and advTime = #{advTime}</if>
             <if test="finshTime != null and finshTime != ''"> and finshTime = #{finshTime}</if>
             <if test="pendingNum != null and pendingNum != ''"> and pendingNum = #{pendingNum}</if>
             <if test="finshNum != null and finshNum != ''"> and finshNum = #{finshNum}</if>
             <if test="supplyPnum != null and supplyPnum != ''"> and supplyPnum = #{supplyPnum}</if>
             <if test="sproductNum != null and sproductNum != ''"> and sproductNum = #{sproductNum}</if>
             <if test="strategy != null and strategy != ''"> and strategy = #{strategy}</if>
             <if test="curPNum != null and curPNum != ''"> and curPNum = #{curPNum}</if>
             <if test="maxPNum != null and maxPNum != ''"> and maxPNum = #{maxPNum}</if>
             <if test="storyLevel != null and storyLevel != ''"> and storyLevel = #{storyLevel}</if>
             <if test="fristlevel != null and fristlevel != ''"> and fristlevel = #{fristlevel}</if>
             <if test="twolevel != null and twolevel != ''"> and twolevel = #{twolevel}</if>
             <if test="threelevel != null and threelevel != ''"> and threelevel = #{threelevel}</if>
             <if test="createTime != null and createTime != ''"> and createTime = #{createTime}</if>
         </where>
    </select>
    
    <select id="selectSupplyConfigById" parameterType="String" resultMap="SupplyConfigResult">
        <include refid="selectSupplyConfigVo"/>
        where logid = #{logid}
    </select>
        
    <insert id="insertSupplyConfig" parameterType="SupplyConfig">
        insert into as_supply_config
		<trim prefix="(" suffix=")" suffixOverrides=",">
			<if test="logid != null and logid != '' ">logid,</if>
			<if test="supplyId != null and supplyId != '' ">supplyId,</if>
			<if test="corpId != null and corpId != '' ">corpId,</if>
			<if test="name != null and name != '' ">name,</if>
			<if test="lineId != null and lineId != '' ">lineId,</if>
			<if test="wmId != null and wmId != '' ">wmId,</if>
			<if test="supplierId != null and supplierId != '' ">supplierId,</if>
			<if test="num != null and num != '' ">num,</if>
			<if test="type != null and type != '' ">type,</if>
			<if test="advTime != null and advTime != '' ">advTime,</if>
			<if test="finshTime != null and finshTime != '' ">finshTime,</if>
			<if test="pendingNum != null and pendingNum != '' ">pendingNum,</if>
			<if test="finshNum != null and finshNum != '' ">finshNum,</if>
			<if test="supplyPnum != null and supplyPnum != '' ">supplyPnum,</if>
			<if test="sproductNum != null and sproductNum != '' ">sproductNum,</if>
			<if test="strategy != null and strategy != '' ">strategy,</if>
			<if test="curPNum != null and curPNum != '' ">curPNum,</if>
			<if test="maxPNum != null and maxPNum != '' ">maxPNum,</if>
			<if test="storyLevel != null and storyLevel != '' ">storyLevel,</if>
			<if test="fristlevel != null and fristlevel != '' ">fristlevel,</if>
			<if test="twolevel != null and twolevel != '' ">twolevel,</if>
			<if test="threelevel != null and threelevel != '' ">threelevel,</if>
			<if test="createTime != null and createTime != '' ">createTime,</if>
         </trim>
        <trim prefix="values (" suffix=")" suffixOverrides=",">
			<if test="logid != null and logid != ''">#{logid},</if>
			<if test="supplyId != null and supplyId != ''">#{supplyId},</if>
			<if test="corpId != null and corpId != ''">#{corpId},</if>
			<if test="name != null and name != ''">#{name},</if>
			<if test="lineId != null and lineId != ''">#{lineId},</if>
			<if test="wmId != null and wmId != ''">#{wmId},</if>
			<if test="supplierId != null and supplierId != ''">#{supplierId},</if>
			<if test="num != null and num != ''">#{num},</if>
			<if test="type != null and type != ''">#{type},</if>
			<if test="advTime != null and advTime != ''">#{advTime},</if>
			<if test="finshTime != null and finshTime != ''">#{finshTime},</if>
			<if test="pendingNum != null and pendingNum != ''">#{pendingNum},</if>
			<if test="finshNum != null and finshNum != ''">#{finshNum},</if>
			<if test="supplyPnum != null and supplyPnum != ''">#{supplyPnum},</if>
			<if test="sproductNum != null and sproductNum != ''">#{sproductNum},</if>
			<if test="strategy != null and strategy != ''">#{strategy},</if>
			<if test="curPNum != null and curPNum != ''">#{curPNum},</if>
			<if test="maxPNum != null and maxPNum != ''">#{maxPNum},</if>
			<if test="storyLevel != null and storyLevel != ''">#{storyLevel},</if>
			<if test="fristlevel != null and fristlevel != ''">#{fristlevel},</if>
			<if test="twolevel != null and twolevel != ''">#{twolevel},</if>
			<if test="threelevel != null and threelevel != ''">#{threelevel},</if>
			<if test="createTime != null and createTime != ''">#{createTime},</if>
         </trim>
    </insert>
	 
    <update id="updateSupplyConfig" parameterType="SupplyConfig">
        update as_supply_config
        <trim prefix="SET" suffixOverrides=",">
            <if test="supplyId != null  and supplyId != ''  ">supplyId = #{supplyId},</if>
            <if test="corpId != null  and corpId != ''  ">corpId = #{corpId},</if>
            <if test="name != null  and name != ''  ">name = #{name},</if>
            <if test="lineId != null  and lineId != ''  ">lineId = #{lineId},</if>
            <if test="wmId != null  and wmId != ''  ">wmId = #{wmId},</if>
            <if test="supplierId != null  and supplierId != ''  ">supplierId = #{supplierId},</if>
            <if test="num != null  ">num = #{num},</if>
            <if test="type != null  and type != ''  ">type = #{type},</if>
            <if test="advTime != null  ">advTime = #{advTime},</if>
            <if test="finshTime != null  ">finshTime = #{finshTime},</if>
            <if test="pendingNum != null  ">pendingNum = #{pendingNum},</if>
            <if test="finshNum != null  ">finshNum = #{finshNum},</if>
            <if test="supplyPnum != null  ">supplyPnum = #{supplyPnum},</if>
            <if test="sproductNum != null  ">sproductNum = #{sproductNum},</if>
            <if test="strategy != null  and strategy != ''  ">strategy = #{strategy},</if>
            <if test="curPNum != null  ">curPNum = #{curPNum},</if>
            <if test="maxPNum != null  ">maxPNum = #{maxPNum},</if>
            <if test="storyLevel != null  ">storyLevel = #{storyLevel},</if>
            <if test="fristlevel != null  and fristlevel != ''  ">fristlevel = #{fristlevel},</if>
            <if test="twolevel != null  and twolevel != ''  ">twolevel = #{twolevel},</if>
            <if test="threelevel != null  and threelevel != ''  ">threelevel = #{threelevel},</if>
            <if test="createTime != null  and createTime != ''  ">createTime = #{createTime},</if>
        </trim>
        where logid = #{logid}
    </update>

	<delete id="deleteSupplyConfigById" parameterType="String">
        delete from as_supply_config where logid = #{logid}
    </delete>
	
    <delete id="deleteSupplyConfigByIds" parameterType="String">
        delete from as_supply_config where logid in 
        <foreach item="logid" collection="array" open="(" separator="," close=")">
            #{logid}
        </foreach>
    </delete>
    
</mapper>