<?xml version="1.0" encoding="UTF-8" ?>
<!DOCTYPE mapper
PUBLIC "-//mybatis.org//DTD Mapper 3.0//EN"
"http://mybatis.org/dtd/mybatis-3-mapper.dtd">
<mapper namespace="com.manage.project.module.vendingLine.mapper.VendingLineMapper">
    
    <resultMap type="VendingLine" id="VendingLineResult">
        <result property="logid"    column="logid"    />
        <result property="lineId"    column="lineId"    />
        <result property="districtId"    column="districtId"    />
        <result property="name"    column="name"    />
        <result property="description"    column="description"    />
        <result property="lineNum"    column="lineNum"    />
        <result property="onlineNum"    column="onlineNum"    />
        <result property="corpId"    column="corpId"    />
        <result property="createTime"    column="createTime"    />
    </resultMap>
	
	<sql id="selectVendingLineVo">
        select logid, lineId, districtId, name, description, lineNum, onlineNum, corpId, createTime from as_vending_line
    </sql>
	
    <select id="selectVendingLineList" parameterType="VendingLine" resultMap="VendingLineResult">
        <include refid="selectVendingLineVo"/>
        <where>  
            <if test="logid != null and logid != ''"> and logid = #{logid}</if>
             <if test="lineId != null and lineId != ''"> and lineId = #{lineId}</if>
             <if test="districtId != null and districtId != ''"> and districtId = #{districtId}</if>
             <if test="name != null and name != ''"> and name = #{name}</if>
             <if test="description != null and description != ''"> and description = #{description}</if>
             <if test="lineNum != null and lineNum != ''"> and lineNum = #{lineNum}</if>
             <if test="onlineNum != null and onlineNum != ''"> and onlineNum = #{onlineNum}</if>
             <if test="corpId != null and corpId != ''"> and corpId = #{corpId}</if>
             <if test="createTime != null and createTime != ''"> and createTime = #{createTime}</if>
         </where>
    </select>
    
    <select id="selectVendingLineById" parameterType="String" resultMap="VendingLineResult">
        <include refid="selectVendingLineVo"/>
        where logid = #{logid}
    </select>
        
    <insert id="insertVendingLine" parameterType="VendingLine">
        insert into as_vending_line
		<trim prefix="(" suffix=")" suffixOverrides=",">
			<if test="logid != null and logid != '' ">logid,</if>
			<if test="lineId != null and lineId != '' ">lineId,</if>
			<if test="districtId != null and districtId != '' ">districtId,</if>
			<if test="name != null and name != '' ">name,</if>
			<if test="description != null and description != '' ">description,</if>
			<if test="lineNum != null and lineNum != '' ">lineNum,</if>
			<if test="onlineNum != null and onlineNum != '' ">onlineNum,</if>
			<if test="corpId != null and corpId != '' ">corpId,</if>
			<if test="createTime != null and createTime != '' ">createTime,</if>
         </trim>
        <trim prefix="values (" suffix=")" suffixOverrides=",">
			<if test="logid != null and logid != ''">#{logid},</if>
			<if test="lineId != null and lineId != ''">#{lineId},</if>
			<if test="districtId != null and districtId != ''">#{districtId},</if>
			<if test="name != null and name != ''">#{name},</if>
			<if test="description != null and description != ''">#{description},</if>
			<if test="lineNum != null and lineNum != ''">#{lineNum},</if>
			<if test="onlineNum != null and onlineNum != ''">#{onlineNum},</if>
			<if test="corpId != null and corpId != ''">#{corpId},</if>
			<if test="createTime != null and createTime != ''">#{createTime},</if>
         </trim>
    </insert>
	 
    <update id="updateVendingLine" parameterType="VendingLine">
        update as_vending_line
        <trim prefix="SET" suffixOverrides=",">
            <if test="lineId != null  and lineId != ''  ">lineId = #{lineId},</if>
            <if test="districtId != null  and districtId != ''  ">districtId = #{districtId},</if>
            <if test="name != null  and name != ''  ">name = #{name},</if>
            <if test="description != null  and description != ''  ">description = #{description},</if>
            <if test="lineNum != null  ">lineNum = #{lineNum},</if>
            <if test="onlineNum != null  ">onlineNum = #{onlineNum},</if>
            <if test="corpId != null  and corpId != ''  ">corpId = #{corpId},</if>
            <if test="createTime != null  and createTime != ''  ">createTime = #{createTime},</if>
        </trim>
        where logid = #{logid}
    </update>

	<delete id="deleteVendingLineById" parameterType="String">
        delete from as_vending_line where logid = #{logid}
    </delete>
	
    <delete id="deleteVendingLineByIds" parameterType="String">
        delete from as_vending_line where logid in 
        <foreach item="logid" collection="array" open="(" separator="," close=")">
            #{logid}
        </foreach>
    </delete>
    
</mapper>