<?xml version="1.0" encoding="UTF-8" ?>
<!DOCTYPE mapper
PUBLIC "-//mybatis.org//DTD Mapper 3.0//EN"
"http://mybatis.org/dtd/mybatis-3-mapper.dtd">
<mapper namespace="com.manage.project.module.vendingLanep.mapper.VendingLanepMapper">
    
    <resultMap type="VendingLanep" id="VendingLanepResult">
        <result property="logid"    column="logid"    />
        <result property="slaneId"    column="slaneId"    />
        <result property="siteId"    column="siteId"    />
        <result property="siteName"    column="siteName"    />
        <result property="laneSId"    column="laneSId"    />
        <result property="laneEId"    column="laneEId"    />
        <result property="productId"    column="productId"    />
        <result property="productPic"    column="productPic"    />
        <result property="salePrice"    column="salePrice"    />
        <result property="capacity"    column="capacity"    />
        <result property="warnCap"    column="warnCap"    />
        <result property="curCap"    column="curCap"    />
        <result property="productSate"    column="productSate"    />
        <result property="pStateTime"    column="pStateTime"    />
        <result property="laneSate"    column="laneSate"    />
        <result property="lSateTime"    column="lSateTime"    />
        <result property="createTime"    column="createTime"    />
        <result property="corpId"    column="corpId"    />
    </resultMap>
	
	<sql id="selectVendingLanepVo">
        select logid, slaneId, siteId, siteName, laneSId, laneEId, productId, productPic, salePrice, capacity, warnCap, curCap, productSate, pStateTime, laneSate, lSateTime, createTime, corpId from as_vending_lanep
    </sql>
	
    <select id="selectVendingLanepList" parameterType="VendingLanep" resultMap="VendingLanepResult">
        <include refid="selectVendingLanepVo"/>
        <where>  
            <if test="logid != null and logid != ''"> and logid = #{logid}</if>
             <if test="slaneId != null and slaneId != ''"> and slaneId = #{slaneId}</if>
             <if test="siteId != null and siteId != ''"> and siteId = #{siteId}</if>
             <if test="siteName != null and siteName != ''"> and siteName = #{siteName}</if>
             <if test="laneSId != null and laneSId != ''"> and laneSId = #{laneSId}</if>
             <if test="laneEId != null and laneEId != ''"> and laneEId = #{laneEId}</if>
             <if test="productId != null and productId != ''"> and productId = #{productId}</if>
             <if test="productPic != null and productPic != ''"> and productPic = #{productPic}</if>
             <if test="salePrice != null and salePrice != ''"> and salePrice = #{salePrice}</if>
             <if test="capacity != null and capacity != ''"> and capacity = #{capacity}</if>
             <if test="warnCap != null and warnCap != ''"> and warnCap = #{warnCap}</if>
             <if test="curCap != null and curCap != ''"> and curCap = #{curCap}</if>
             <if test="productSate != null and productSate != ''"> and productSate = #{productSate}</if>
             <if test="pStateTime != null and pStateTime != ''"> and pStateTime = #{pStateTime}</if>
             <if test="laneSate != null and laneSate != ''"> and laneSate = #{laneSate}</if>
             <if test="lSateTime != null and lSateTime != ''"> and lSateTime = #{lSateTime}</if>
             <if test="createTime != null and createTime != ''"> and createTime = #{createTime}</if>
             <if test="corpId != null and corpId != ''"> and corpId = #{corpId}</if>
         </where>
    </select>
    
    <select id="selectVendingLanepById" parameterType="String" resultMap="VendingLanepResult">
        <include refid="selectVendingLanepVo"/>
        where logid = #{logid}
    </select>
        
    <insert id="insertVendingLanep" parameterType="VendingLanep">
        insert into as_vending_lanep
		<trim prefix="(" suffix=")" suffixOverrides=",">
			<if test="logid != null and logid != '' ">logid,</if>
			<if test="slaneId != null and slaneId != '' ">slaneId,</if>
			<if test="siteId != null and siteId != '' ">siteId,</if>
			<if test="siteName != null and siteName != '' ">siteName,</if>
			<if test="laneSId != null and laneSId != '' ">laneSId,</if>
			<if test="laneEId != null and laneEId != '' ">laneEId,</if>
			<if test="productId != null and productId != '' ">productId,</if>
			<if test="productPic != null and productPic != '' ">productPic,</if>
			<if test="salePrice != null and salePrice != '' ">salePrice,</if>
			<if test="capacity != null and capacity != '' ">capacity,</if>
			<if test="warnCap != null and warnCap != '' ">warnCap,</if>
			<if test="curCap != null and curCap != '' ">curCap,</if>
			<if test="productSate != null and productSate != '' ">productSate,</if>
			<if test="pStateTime != null and pStateTime != '' ">pStateTime,</if>
			<if test="laneSate != null and laneSate != '' ">laneSate,</if>
			<if test="lSateTime != null and lSateTime != '' ">lSateTime,</if>
			<if test="createTime != null and createTime != '' ">createTime,</if>
			<if test="corpId != null and corpId != '' ">corpId,</if>
         </trim>
        <trim prefix="values (" suffix=")" suffixOverrides=",">
			<if test="logid != null and logid != ''">#{logid},</if>
			<if test="slaneId != null and slaneId != ''">#{slaneId},</if>
			<if test="siteId != null and siteId != ''">#{siteId},</if>
			<if test="siteName != null and siteName != ''">#{siteName},</if>
			<if test="laneSId != null and laneSId != ''">#{laneSId},</if>
			<if test="laneEId != null and laneEId != ''">#{laneEId},</if>
			<if test="productId != null and productId != ''">#{productId},</if>
			<if test="productPic != null and productPic != ''">#{productPic},</if>
			<if test="salePrice != null and salePrice != ''">#{salePrice},</if>
			<if test="capacity != null and capacity != ''">#{capacity},</if>
			<if test="warnCap != null and warnCap != ''">#{warnCap},</if>
			<if test="curCap != null and curCap != ''">#{curCap},</if>
			<if test="productSate != null and productSate != ''">#{productSate},</if>
			<if test="pStateTime != null and pStateTime != ''">#{pStateTime},</if>
			<if test="laneSate != null and laneSate != ''">#{laneSate},</if>
			<if test="lSateTime != null and lSateTime != ''">#{lSateTime},</if>
			<if test="createTime != null and createTime != ''">#{createTime},</if>
			<if test="corpId != null and corpId != ''">#{corpId},</if>
         </trim>
    </insert>
	 
    <update id="updateVendingLanep" parameterType="VendingLanep">
        update as_vending_lanep
        <trim prefix="SET" suffixOverrides=",">
            <if test="slaneId != null  and slaneId != ''  ">slaneId = #{slaneId},</if>
            <if test="siteId != null  and siteId != ''  ">siteId = #{siteId},</if>
            <if test="siteName != null  and siteName != ''  ">siteName = #{siteName},</if>
            <if test="laneSId != null  ">laneSId = #{laneSId},</if>
            <if test="laneEId != null  ">laneEId = #{laneEId},</if>
            <if test="productId != null  and productId != ''  ">productId = #{productId},</if>
            <if test="productPic != null  and productPic != ''  ">productPic = #{productPic},</if>
            <if test="salePrice != null  ">salePrice = #{salePrice},</if>
            <if test="capacity != null  ">capacity = #{capacity},</if>
            <if test="warnCap != null  ">warnCap = #{warnCap},</if>
            <if test="curCap != null  ">curCap = #{curCap},</if>
            <if test="productSate != null  and productSate != ''  ">productSate = #{productSate},</if>
            <if test="pStateTime != null  and pStateTime != ''  ">pStateTime = #{pStateTime},</if>
            <if test="laneSate != null  and laneSate != ''  ">laneSate = #{laneSate},</if>
            <if test="lSateTime != null  and lSateTime != ''  ">lSateTime = #{lSateTime},</if>
            <if test="createTime != null  and createTime != ''  ">createTime = #{createTime},</if>
            <if test="corpId != null  and corpId != ''  ">corpId = #{corpId},</if>
        </trim>
        where logid = #{logid}
    </update>

	<delete id="deleteVendingLanepById" parameterType="String">
        delete from as_vending_lanep where logid = #{logid}
    </delete>
	
    <delete id="deleteVendingLanepByIds" parameterType="String">
        delete from as_vending_lanep where logid in 
        <foreach item="logid" collection="array" open="(" separator="," close=")">
            #{logid}
        </foreach>
    </delete>
    
</mapper>