<?xml version="1.0" encoding="UTF-8" ?>
<!DOCTYPE mapper
PUBLIC "-//mybatis.org//DTD Mapper 3.0//EN"
"http://mybatis.org/dtd/mybatis-3-mapper.dtd">
<mapper namespace="com.manage.project.module.vending.mapper.VendingMapper">
    
    <resultMap type="Vending" id="VendingResult">
        <result property="logid"    column="logid"    />
        <result property="siteId"    column="siteId"    />
        <result property="siteCode"    column="siteCode"    />
        <result property="siteName"    column="siteName"    />
        <result property="factoryId"    column="factoryId"    />
        <result property="cabinetType"    column="cabinetType"    />
        <result property="deviceId"    column="deviceId"    />
        <result property="districtId"    column="districtId"    />
        <result property="lineId"    column="lineId"    />
        <result property="pointId"    column="pointId"    />
        <result property="longitude"    column="longitude"    />
        <result property="latitude"    column="latitude"    />
        <result property="payType"    column="payType"    />
        <result property="mediaType"    column="mediaType"    />
        <result property="onlineTime"    column="onlineTime"    />
        <result property="initTime"    column="initTime"    />
        <result property="curState"    column="curState"    />
        <result property="stateTime"    column="stateTime"    />
        <result property="netWork"    column="netWork"    />
        <result property="netSate"    column="netSate"    />
        <result property="netTime"    column="netTime"    />
        <result property="sellState"    column="sellState"    />
        <result property="sellTime"    column="sellTime"    />
        <result property="laneNum"    column="laneNum"    />
        <result property="pMaxNum"    column="pMaxNum"    />
        <result property="pCurNum"    column="pCurNum"    />
        <result property="stockLevel"    column="stockLevel"    />
        <result property="corpId"    column="corpId"    />
        <result property="mConfigId"    column="mConfigId"    />
        <result property="configFile"    column="configFile"    />
        <result property="createTime"    column="createTime"    />
        <result property="description"    column="description"    />
        <result property="address"    column="address"    />
    </resultMap>
	
	<sql id="selectVendingVo">
        select logid, siteId, siteCode, siteName, factoryId, cabinetType, deviceId, districtId, lineId, pointId, longitude, latitude, payType, mediaType, onlineTime, initTime, curState, stateTime, netWork, netSate, netTime, sellState, sellTime, laneNum, pMaxNum, pCurNum, stockLevel, corpId, mConfigId, configFile, createTime, description, address from as_vending
    </sql>
	
    <select id="selectVendingList" parameterType="Vending" resultMap="VendingResult">
        <include refid="selectVendingVo"/>
        <where>  
            <if test="logid != null and logid != ''"> and logid = #{logid}</if>
             <if test="siteId != null and siteId != ''"> and siteId = #{siteId}</if>
             <if test="siteCode != null and siteCode != ''"> and siteCode = #{siteCode}</if>
             <if test="siteName != null and siteName != ''"> and siteName = #{siteName}</if>
             <if test="factoryId != null and factoryId != ''"> and factoryId = #{factoryId}</if>
             <if test="cabinetType != null and cabinetType != ''"> and cabinetType = #{cabinetType}</if>
             <if test="deviceId != null and deviceId != ''"> and deviceId = #{deviceId}</if>
             <if test="districtId != null and districtId != ''"> and districtId = #{districtId}</if>
             <if test="lineId != null and lineId != ''"> and lineId = #{lineId}</if>
             <if test="pointId != null and pointId != ''"> and pointId = #{pointId}</if>
             <if test="longitude != null and longitude != ''"> and longitude = #{longitude}</if>
             <if test="latitude != null and latitude != ''"> and latitude = #{latitude}</if>
             <if test="payType != null and payType != ''"> and payType = #{payType}</if>
             <if test="mediaType != null and mediaType != ''"> and mediaType = #{mediaType}</if>
             <if test="onlineTime != null and onlineTime != ''"> and onlineTime = #{onlineTime}</if>
             <if test="initTime != null and initTime != ''"> and initTime = #{initTime}</if>
             <if test="curState != null and curState != ''"> and curState = #{curState}</if>
             <if test="stateTime != null and stateTime != ''"> and stateTime = #{stateTime}</if>
             <if test="netWork != null and netWork != ''"> and netWork = #{netWork}</if>
             <if test="netSate != null and netSate != ''"> and netSate = #{netSate}</if>
             <if test="netTime != null and netTime != ''"> and netTime = #{netTime}</if>
             <if test="sellState != null and sellState != ''"> and sellState = #{sellState}</if>
             <if test="sellTime != null and sellTime != ''"> and sellTime = #{sellTime}</if>
             <if test="laneNum != null and laneNum != ''"> and laneNum = #{laneNum}</if>
             <if test="pMaxNum != null and pMaxNum != ''"> and pMaxNum = #{pMaxNum}</if>
             <if test="pCurNum != null and pCurNum != ''"> and pCurNum = #{pCurNum}</if>
             <if test="stockLevel != null and stockLevel != ''"> and stockLevel = #{stockLevel}</if>
             <if test="corpId != null and corpId != ''"> and corpId = #{corpId}</if>
             <if test="mConfigId != null and mConfigId != ''"> and mConfigId = #{mConfigId}</if>
             <if test="configFile != null and configFile != ''"> and configFile = #{configFile}</if>
             <if test="createTime != null and createTime != ''"> and createTime = #{createTime}</if>
             <if test="description != null and description != ''"> and description = #{description}</if>
             <if test="address != null and address != ''"> and address = #{address}</if>
         </where>
    </select>
    
    <select id="selectVendingById" parameterType="String" resultMap="VendingResult">
        <include refid="selectVendingVo"/>
        where logid = #{logid}
    </select>
        
    <insert id="insertVending" parameterType="Vending">
        insert into as_vending
		<trim prefix="(" suffix=")" suffixOverrides=",">
			<if test="logid != null and logid != '' ">logid,</if>
			<if test="siteId != null and siteId != '' ">siteId,</if>
			<if test="siteCode != null and siteCode != '' ">siteCode,</if>
			<if test="siteName != null and siteName != '' ">siteName,</if>
			<if test="factoryId != null and factoryId != '' ">factoryId,</if>
			<if test="cabinetType != null and cabinetType != '' ">cabinetType,</if>
			<if test="deviceId != null and deviceId != '' ">deviceId,</if>
			<if test="districtId != null and districtId != '' ">districtId,</if>
			<if test="lineId != null and lineId != '' ">lineId,</if>
			<if test="pointId != null and pointId != '' ">pointId,</if>
			<if test="longitude != null and longitude != '' ">longitude,</if>
			<if test="latitude != null and latitude != '' ">latitude,</if>
			<if test="payType != null and payType != '' ">payType,</if>
			<if test="mediaType != null and mediaType != '' ">mediaType,</if>
			<if test="onlineTime != null and onlineTime != '' ">onlineTime,</if>
			<if test="initTime != null and initTime != '' ">initTime,</if>
			<if test="curState != null and curState != '' ">curState,</if>
			<if test="stateTime != null and stateTime != '' ">stateTime,</if>
			<if test="netWork != null and netWork != '' ">netWork,</if>
			<if test="netSate != null and netSate != '' ">netSate,</if>
			<if test="netTime != null and netTime != '' ">netTime,</if>
			<if test="sellState != null and sellState != '' ">sellState,</if>
			<if test="sellTime != null and sellTime != '' ">sellTime,</if>
			<if test="laneNum != null and laneNum != '' ">laneNum,</if>
			<if test="pMaxNum != null and pMaxNum != '' ">pMaxNum,</if>
			<if test="pCurNum != null and pCurNum != '' ">pCurNum,</if>
			<if test="stockLevel != null and stockLevel != '' ">stockLevel,</if>
			<if test="corpId != null and corpId != '' ">corpId,</if>
			<if test="mConfigId != null and mConfigId != '' ">mConfigId,</if>
			<if test="configFile != null and configFile != '' ">configFile,</if>
			<if test="createTime != null and createTime != '' ">createTime,</if>
			<if test="description != null and description != '' ">description,</if>
			<if test="address != null and address != '' ">address,</if>
         </trim>
        <trim prefix="values (" suffix=")" suffixOverrides=",">
			<if test="logid != null and logid != ''">#{logid},</if>
			<if test="siteId != null and siteId != ''">#{siteId},</if>
			<if test="siteCode != null and siteCode != ''">#{siteCode},</if>
			<if test="siteName != null and siteName != ''">#{siteName},</if>
			<if test="factoryId != null and factoryId != ''">#{factoryId},</if>
			<if test="cabinetType != null and cabinetType != ''">#{cabinetType},</if>
			<if test="deviceId != null and deviceId != ''">#{deviceId},</if>
			<if test="districtId != null and districtId != ''">#{districtId},</if>
			<if test="lineId != null and lineId != ''">#{lineId},</if>
			<if test="pointId != null and pointId != ''">#{pointId},</if>
			<if test="longitude != null and longitude != ''">#{longitude},</if>
			<if test="latitude != null and latitude != ''">#{latitude},</if>
			<if test="payType != null and payType != ''">#{payType},</if>
			<if test="mediaType != null and mediaType != ''">#{mediaType},</if>
			<if test="onlineTime != null and onlineTime != ''">#{onlineTime},</if>
			<if test="initTime != null and initTime != ''">#{initTime},</if>
			<if test="curState != null and curState != ''">#{curState},</if>
			<if test="stateTime != null and stateTime != ''">#{stateTime},</if>
			<if test="netWork != null and netWork != ''">#{netWork},</if>
			<if test="netSate != null and netSate != ''">#{netSate},</if>
			<if test="netTime != null and netTime != ''">#{netTime},</if>
			<if test="sellState != null and sellState != ''">#{sellState},</if>
			<if test="sellTime != null and sellTime != ''">#{sellTime},</if>
			<if test="laneNum != null and laneNum != ''">#{laneNum},</if>
			<if test="pMaxNum != null and pMaxNum != ''">#{pMaxNum},</if>
			<if test="pCurNum != null and pCurNum != ''">#{pCurNum},</if>
			<if test="stockLevel != null and stockLevel != ''">#{stockLevel},</if>
			<if test="corpId != null and corpId != ''">#{corpId},</if>
			<if test="mConfigId != null and mConfigId != ''">#{mConfigId},</if>
			<if test="configFile != null and configFile != ''">#{configFile},</if>
			<if test="createTime != null and createTime != ''">#{createTime},</if>
			<if test="description != null and description != ''">#{description},</if>
			<if test="address != null and address != ''">#{address},</if>
         </trim>
    </insert>
	 
    <update id="updateVending" parameterType="Vending">
        update as_vending
        <trim prefix="SET" suffixOverrides=",">
            <if test="siteId != null  and siteId != ''  ">siteId = #{siteId},</if>
            <if test="siteCode != null  and siteCode != ''  ">siteCode = #{siteCode},</if>
            <if test="siteName != null  and siteName != ''  ">siteName = #{siteName},</if>
            <if test="factoryId != null  and factoryId != ''  ">factoryId = #{factoryId},</if>
            <if test="cabinetType != null  and cabinetType != ''  ">cabinetType = #{cabinetType},</if>
            <if test="deviceId != null  and deviceId != ''  ">deviceId = #{deviceId},</if>
            <if test="districtId != null  and districtId != ''  ">districtId = #{districtId},</if>
            <if test="lineId != null  and lineId != ''  ">lineId = #{lineId},</if>
            <if test="pointId != null  and pointId != ''  ">pointId = #{pointId},</if>
            <if test="longitude != null  and longitude != ''  ">longitude = #{longitude},</if>
            <if test="latitude != null  and latitude != ''  ">latitude = #{latitude},</if>
            <if test="payType != null  and payType != ''  ">payType = #{payType},</if>
            <if test="mediaType != null  and mediaType != ''  ">mediaType = #{mediaType},</if>
            <if test="onlineTime != null  and onlineTime != ''  ">onlineTime = #{onlineTime},</if>
            <if test="initTime != null  and initTime != ''  ">initTime = #{initTime},</if>
            <if test="curState != null  and curState != ''  ">curState = #{curState},</if>
            <if test="stateTime != null  and stateTime != ''  ">stateTime = #{stateTime},</if>
            <if test="netWork != null  and netWork != ''  ">netWork = #{netWork},</if>
            <if test="netSate != null  and netSate != ''  ">netSate = #{netSate},</if>
            <if test="netTime != null  and netTime != ''  ">netTime = #{netTime},</if>
            <if test="sellState != null  and sellState != ''  ">sellState = #{sellState},</if>
            <if test="sellTime != null  and sellTime != ''  ">sellTime = #{sellTime},</if>
            <if test="laneNum != null  ">laneNum = #{laneNum},</if>
            <if test="pMaxNum != null  ">pMaxNum = #{pMaxNum},</if>
            <if test="pCurNum != null  ">pCurNum = #{pCurNum},</if>
            <if test="stockLevel != null  ">stockLevel = #{stockLevel},</if>
            <if test="corpId != null  and corpId != ''  ">corpId = #{corpId},</if>
            <if test="mConfigId != null  and mConfigId != ''  ">mConfigId = #{mConfigId},</if>
            <if test="configFile != null  and configFile != ''  ">configFile = #{configFile},</if>
            <if test="createTime != null  and createTime != ''  ">createTime = #{createTime},</if>
            <if test="description != null  and description != ''  ">description = #{description},</if>
            <if test="address != null  and address != ''  ">address = #{address},</if>
        </trim>
        where logid = #{logid}
    </update>

	<delete id="deleteVendingById" parameterType="String">
        delete from as_vending where logid = #{logid}
    </delete>
	
    <delete id="deleteVendingByIds" parameterType="String">
        delete from as_vending where logid in 
        <foreach item="logid" collection="array" open="(" separator="," close=")">
            #{logid}
        </foreach>
    </delete>
    
</mapper>